"facilityName","facilityId","accountNumber","programCode","year","inCompliance?"
"Barry","3","000003FACLTY","ARP","2007","Yes"
"Gadsden","7","000007FACLTY","ARP","2007","Yes"
"Gorgas","8","000008FACLTY","ARP","2007","Yes"
"Greene County","10","000010FACLTY","ARP","2007","Yes"
"E C Gaston","26","000026FACLTY","ARP","2007","Yes"
"Colbert","47","000047FACLTY","ARP","2007","Yes"
"Widows Creek","50","000050FACLTY","ARP","2007","Yes"
"Dolet Hills Power Station","51","000051FACLTY","ARP","2007","Yes"
"Smith Generating Facility","54","000054FACLTY","ARP","2007","Yes"
"Charles R Lowman","56","000056FACLTY","ARP","2007","Yes"
"Platte","59","000059FACLTY","ARP","2007","Yes"
"Gerald Whelan Energy Center","60","000060FACLTY","ARP","2007","Yes"
"Escalante","87","000087FACLTY","ARP","2007","Yes"
"Holcomb","108","000108FACLTY","ARP","2007","Yes"
"Cholla","113","000113FACLTY","ARP","2007","Yes"
"Ocotillo Power Plant","116","000116FACLTY","ARP","2007","Yes"
"APS West Phoenix Power Plant","117","000117FACLTY","ARP","2007","Yes"
"APS Saguaro Power Plant","118","000118FACLTY","ARP","2007","Yes"
"Yucca Power Plant","120","000120FACLTY","ARP","2007","Yes"
"De Moss Petrie Generating Station","124","000124FACLTY","ARP","2007","Yes"
"Irvington Generating Station","126","000126FACLTY","ARP","2007","Yes"
"Oklaunion Power Station","127","000127FACLTY","ARP","2007","Yes"
"Cross","130","000130FACLTY","ARP","2007","Yes"
"Seminole (136)","136","000136FACLTY","ARP","2007","Yes"
"Agua Fria Generating Station","141","000141FACLTY","ARP","2007","Yes"
"Kyrene Generating Station","147","000147FACLTY","ARP","2007","Yes"
"Apache Station","160","000160FACLTY","ARP","2007","Yes"
"Grand River Dam Authority","165","000165FACLTY","ARP","2007","Yes"
"Cecil Lynch","167","000167FACLTY","ARP","2007","Yes"
"Hamilton Moses","168","000168FACLTY","ARP","2007","Yes"
"Harvey Couch","169","000169FACLTY","ARP","2007","Yes"
"Lake Catherine","170","000170FACLTY","ARP","2007","Yes"
"Robert E Ritchie","173","000173FACLTY","ARP","2007","Yes"
"Thomas Fitzhugh","201","000201FACLTY","ARP","2007","Yes"
"Carl Bailey","202","000202FACLTY","ARP","2007","Yes"
"McClellan","203","000203FACLTY","ARP","2007","Yes"
"St. Johns River Power","207","000207FACLTY","ARP","2007","Yes"
"Contra Costa Generating Station","228","000228FACLTY","ARP","2007","Yes"
"Humboldt Bay","246","000246FACLTY","ARP","2007","Yes"
"Morro Bay Power Plant","259","000259FACLTY","ARP","2007","Yes"
"Moss Landing Power Plant","260","000260FACLTY","ARP","2007","Yes"
"Pittsburg Generating Station (CA)","271","000271FACLTY","ARP","2007","Yes"
"Potrero Generating Station","273","000273FACLTY","ARP","2007","Yes"
"Limestone","298","000298FACLTY","ARP","2007","Yes"
"Cabrillo Power I Encina Power Station","302","000302FACLTY","ARP","2007","Yes"
"Dynegy South Bay, LLC","310","000310FACLTY","ARP","2007","Yes"
"AES Alamitos","315","000315FACLTY","ARP","2007","Yes"
"Coolwater Generating Station","329","000329FACLTY","ARP","2007","Yes"
"El Segundo","330","000330FACLTY","ARP","2007","Yes"
"Etiwanda Generating Station","331","000331FACLTY","ARP","2007","Yes"
"AES Huntington Beach","335","000335FACLTY","ARP","2007","Yes"
"Mandalay Generating Station","345","000345FACLTY","ARP","2007","Yes"
"Ormond Beach Power, LLC.","350","000350FACLTY","ARP","2007","Yes"
"AES Redondo Beach","356","000356FACLTY","ARP","2007","Yes"
"Mountainview Generating Station","358","000358FACLTY","ARP","2007","Yes"
"Grayson Power Plant","377","000377FACLTY","ARP","2007","Yes"
"Joliet 29","384","000384FACLTY","ARP","2007","Yes"
"El Centro","389","000389FACLTY","ARP","2007","Yes"
"Harbor Generating Station","399","000399FACLTY","ARP","2007","Yes"
"Haynes Generating Station","400","000400FACLTY","ARP","2007","Yes"
"Scattergood Generating Station","404","000404FACLTY","ARP","2007","Yes"
"Valley Generating Station","408","000408FACLTY","ARP","2007","Yes"
"Broadway","420","000420FACLTY","ARP","2007","Yes"
"Glenarm","422","000422FACLTY","ARP","2007","Yes"
"Arapahoe","465","000465FACLTY","ARP","2007","Yes"
"Cameo","468","000468FACLTY","ARP","2007","Yes"
"Cherokee","469","000469FACLTY","ARP","2007","Yes"
"Comanche (470)","470","000470FACLTY","ARP","2007","Yes"
"Valmont","477","000477FACLTY","ARP","2007","Yes"
"Zuni","478","000478FACLTY","ARP","2007","Yes"
"Martin Drake","492","000492FACLTY","ARP","2007","Yes"
"Hayden","525","000525FACLTY","ARP","2007","Yes"
"Nucla","527","000527FACLTY","ARP","2007","Yes"
"McWilliams","533","000533FACLTY","ARP","2007","Yes"
"Devon","544","000544FACLTY","ARP","2007","Yes"
"Montville","546","000546FACLTY","ARP","2007","Yes"
"Norwalk Harbor Station","548","000548FACLTY","ARP","2007","Yes"
"Middletown","562","000562FACLTY","ARP","2007","Yes"
"Curtis H. Stanton Energy Center","564","000564FACLTY","ARP","2007","Yes"
"Bridgeport Harbor Station","568","000568FACLTY","ARP","2007","Yes"
"J C McNeil","589","000589FACLTY","ARP","2007","Yes"
"Edge Moor","593","000593FACLTY","ARP","2007","Yes"
"Indian River","594","000594FACLTY","ARP","2007","Yes"
"McKee Run","599","000599FACLTY","ARP","2007","Yes"
"Brandon Shores","602","000602FACLTY","ARP","2007","Yes"
"Benning Generation Station","603","000603FACLTY","ARP","2007","No"
"Fredonia Generating Station","607","000607FACLTY","ARP","2007","Yes"
"Cape Canaveral","609","000609FACLTY","ARP","2007","Yes"
"Cutler","610","000610FACLTY","ARP","2007","Yes"
"Fort Myers","612","000612FACLTY","ARP","2007","Yes"
"Lauderdale","613","000613FACLTY","ARP","2007","Yes"
"Port Everglades","617","000617FACLTY","ARP","2007","Yes"
"Riviera Beach Energy Center","619","000619FACLTY","ARP","2007","Yes"
"Sanford","620","000620FACLTY","ARP","2007","Yes"
"Turkey Point","621","000621FACLTY","ARP","2007","Yes"
"Crystal River","628","000628FACLTY","ARP","2007","Yes"
"P L Bartow","634","000634FACLTY","ARP","2007","Yes"
"Suwannee River","638","000638FACLTY","ARP","2007","Yes"
"Gulf Clean Energy Center","641","000641FACLTY","ARP","2007","Yes"
"Scholz Electric Generating Plant","642","000642FACLTY","ARP","2007","Yes"
"Lansing Smith Generating Plant","643","000643FACLTY","ARP","2007","Yes"
"Big Bend","645","000645FACLTY","ARP","2007","Yes"
"Henry D King","658","000658FACLTY","ARP","2007","Yes"
"Deerhaven","663","000663FACLTY","ARP","2007","Yes"
"J R Kelly","664","000664FACLTY","ARP","2007","Yes"
"J D Kennedy","666","000666FACLTY","ARP","2007","Yes"
"Northside","667","000667FACLTY","ARP","2007","Yes"
"Tom G Smith","673","000673FACLTY","ARP","2007","Yes"
"Charles Larsen Memorial Power Plant","675","000675FACLTY","ARP","2007","Yes"
"C D McIntosh Jr Power Plant","676","000676FACLTY","ARP","2007","Yes"
"Indian River (683)","683","000683FACLTY","ARP","2007","Yes"
"Arvah B Hopkins","688","000688FACLTY","ARP","2007","Yes"
"S O Purdom","689","000689FACLTY","ARP","2007","Yes"
"Vero Beach Municipal","693","000693FACLTY","ARP","2007","Yes"
"Bowen","703","000703FACLTY","ARP","2007","Yes"
"Hammond","708","000708FACLTY","ARP","2007","Yes"
"Harllee Branch","709","000709FACLTY","ARP","2007","Yes"
"Jack McDonough","710","000710FACLTY","ARP","2007","Yes"
"McManus","715","000715FACLTY","ARP","2007","Yes"
"Mitchell (GA)","727","000727FACLTY","ARP","2007","Yes"
"Yates","728","000728FACLTY","ARP","2007","Yes"
"Kraft","733","000733FACLTY","ARP","2007","Yes"
"Ponca","762","000762FACLTY","ARP","2007","Yes"
"E D Edwards","856","000856FACLTY","ARP","2007","Yes"
"Coffeen","861","000861FACLTY","ARP","2007","Yes"
"Grand Tower Energy Center, LLC","862","000862FACLTY","ARP","2007","Yes"
"Hutsonville","863","000863FACLTY","ARP","2007","Yes"
"Meredosia","864","000864FACLTY","ARP","2007","Yes"
"Crawford","867","000867FACLTY","ARP","2007","Yes"
"Joliet 9","874","000874FACLTY","ARP","2007","Yes"
"Kincaid Generating Station","876","000876FACLTY","ARP","2007","Yes"
"Powerton","879","000879FACLTY","ARP","2007","Yes"
"Waukegan","883","000883FACLTY","ARP","2007","Yes"
"Will County","884","000884FACLTY","ARP","2007","Yes"
"Fisk","886","000886FACLTY","ARP","2007","Yes"
"Joppa Steam","887","000887FACLTY","ARP","2007","Yes"
"Baldwin Energy Complex","889","000889FACLTY","ARP","2007","Yes"
"Havana","891","000891FACLTY","ARP","2007","Yes"
"Hennepin Power Station","892","000892FACLTY","ARP","2007","Yes"
"Vermilion Power Station","897","000897FACLTY","ARP","2007","Yes"
"Wood River Power Station","898","000898FACLTY","ARP","2007","Yes"
"Venice","913","000913FACLTY","ARP","2007","Yes"
"Dallman","963","000963FACLTY","ARP","2007","Yes"
"Lakeside","964","000964FACLTY","ARP","2007","Yes"
"Marion","976","000976FACLTY","ARP","2007","Yes"
"State Line Generating Station (IN)","981","000981FACLTY","ARP","2007","Yes"
"Clifty Creek","983","000983FACLTY","ARP","2007","Yes"
"Tanners Creek","988","000988FACLTY","ARP","2007","Yes"
"IPL - Harding Street Station (EW Stout)","990","000990FACLTY","ARP","2007","Yes"
"IPL - Eagle Valley Generating Station","991","000991FACLTY","ARP","2007","Yes"
"C. C. Perry K Steam Plant","992","000992FACLTY","ARP","2007","Yes"
"IPL - Petersburg Generating Station","994","000994FACLTY","ARP","2007","Yes"
"Bailly Generating Station","995","000995FACLTY","ARP","2007","Yes"
"Dean H Mitchell Generating Station","996","000996FACLTY","ARP","2007","Yes"
"Michigan City Generating Station","997","000997FACLTY","ARP","2007","Yes"
"Cayuga","1001","001001FACLTY","ARP","2007","Yes"
"Edwardsport Generating Station","1004","001004FACLTY","ARP","2007","Yes"
"Noblesville","1007","001007FACLTY","ARP","2007","Yes"
"R Gallagher","1008","001008FACLTY","ARP","2007","Yes"
"Wabash River Gen Station","1010","001010FACLTY","ARP","2007","Yes"
"F B Culley Generating Station","1012","001012FACLTY","ARP","2007","Yes"
"Whitewater Valley","1040","001040FACLTY","ARP","2007","Yes"
"Frank E Ratts","1043","001043FACLTY","ARP","2007","Yes"
"Dubuque","1046","001046FACLTY","ARP","2007","Yes"
"Lansing","1047","001047FACLTY","ARP","2007","Yes"
"Milton L Kapp","1048","001048FACLTY","ARP","2007","Yes"
"Sixth Street","1058","001058FACLTY","ARP","2007","Yes"
"Prairie Creek","1073","001073FACLTY","ARP","2007","Yes"
"Sutherland","1077","001077FACLTY","ARP","2007","Yes"
"Riverside (1081)","1081","001081FACLTY","ARP","2007","Yes"
"Walter Scott Jr. Energy Center","1082","001082FACLTY","ARP","2007","Yes"
"George Neal North","1091","001091FACLTY","ARP","2007","Yes"
"Burlington (IA)","1104","001104FACLTY","ARP","2007","Yes"
"Ames","1122","001122FACLTY","ARP","2007","Yes"
"Streeter Station","1131","001131FACLTY","ARP","2007","Yes"
"Muscatine","1167","001167FACLTY","ARP","2007","Yes"
"Pella","1175","001175FACLTY","ARP","2007","Yes"
"Earl F Wisdom","1217","001217FACLTY","ARP","2007","Yes"
"Fair Station","1218","001218FACLTY","ARP","2007","Yes"
"Cimarron River","1230","001230FACLTY","ARP","2007","Yes"
"Fort Dodge aka Judson Large","1233","001233FACLTY","ARP","2007","Yes"
"Great Bend Station aka Arthur Mullergren","1235","001235FACLTY","ARP","2007","Yes"
"Riverton","1239","001239FACLTY","ARP","2007","Yes"
"Gordon Evans Energy Center","1240","001240FACLTY","ARP","2007","Yes"
"La Cygne","1241","001241FACLTY","ARP","2007","Yes"
"Murray Gill Energy Center","1242","001242FACLTY","ARP","2007","Yes"
"Neosho Energy Center","1243","001243FACLTY","ARP","2007","Yes"
"Hutchinson Energy Center","1248","001248FACLTY","ARP","2007","Yes"
"Lawrence Energy Center","1250","001250FACLTY","ARP","2007","Yes"
"Tecumseh Energy Center","1252","001252FACLTY","ARP","2007","Yes"
"Chanute 2","1268","001268FACLTY","ARP","2007","Yes"
"Coffeyville","1271","001271FACLTY","ARP","2007","Yes"
"Kaw","1294","001294FACLTY","ARP","2007","Yes"
"Quindaro","1295","001295FACLTY","ARP","2007","Yes"
"Garden City","1336","001336FACLTY","ARP","2007","Yes"
"Big Sandy","1353","001353FACLTY","ARP","2007","Yes"
"E W Brown","1355","001355FACLTY","ARP","2007","Yes"
"Ghent","1356","001356FACLTY","ARP","2007","Yes"
"Green River","1357","001357FACLTY","ARP","2007","Yes"
"Tyrone","1361","001361FACLTY","ARP","2007","Yes"
"Cane Run","1363","001363FACLTY","ARP","2007","Yes"
"Mill Creek","1364","001364FACLTY","ARP","2007","Yes"
"Paddy's Run","1366","001366FACLTY","ARP","2007","Yes"
"Henderson I","1372","001372FACLTY","ARP","2007","Yes"
"Elmer Smith","1374","001374FACLTY","ARP","2007","Yes"
"Paradise","1378","001378FACLTY","ARP","2007","Yes"
"Shawnee","1379","001379FACLTY","ARP","2007","Yes"
"Coleman","1381","001381FACLTY","ARP","2007","Yes"
"HMP and L Station 2","1382","001382FACLTY","ARP","2007","Yes"
"Robert Reid","1383","001383FACLTY","ARP","2007","Yes"
"John S. Cooper","1384","001384FACLTY","ARP","2007","Yes"
"William C. Dale","1385","001385FACLTY","ARP","2007","Yes"
"Louisiana 1","1391","001391FACLTY","ARP","2007","Yes"
"Louisiana 2","1392","001392FACLTY","ARP","2007","Yes"
"R S Nelson","1393","001393FACLTY","ARP","2007","Yes"
"Willow Glen","1394","001394FACLTY","ARP","2007","Yes"
"Coughlin Power Station","1396","001396FACLTY","ARP","2007","Yes"
"Teche Power Station","1400","001400FACLTY","ARP","2007","Yes"
"Little Gypsy","1402","001402FACLTY","ARP","2007","Yes"
"Ninemile Point","1403","001403FACLTY","ARP","2007","Yes"
"Sterlington","1404","001404FACLTY","ARP","2007","Yes"
"A B Paterson","1407","001407FACLTY","ARP","2007","Yes"
"Michoud","1409","001409FACLTY","ARP","2007","Yes"
"Arsenal Hill Power Plant","1416","001416FACLTY","ARP","2007","Yes"
"Lieberman Power Plant","1417","001417FACLTY","ARP","2007","Yes"
"Houma","1439","001439FACLTY","ARP","2007","Yes"
"Doc Bonin","1443","001443FACLTY","ARP","2007","Yes"
"Monroe","1448","001448FACLTY","ARP","2007","Yes"
"Morgan City Electrical Gen Facility","1449","001449FACLTY","ARP","2007","Yes"
"Natchitoches","1450","001450FACLTY","ARP","2007","Yes"
"Ruston","1458","001458FACLTY","ARP","2007","Yes"
"Big Cajun 1","1464","001464FACLTY","ARP","2007","Yes"
"William F Wyman","1507","001507FACLTY","ARP","2007","Yes"
"C P Crane","1552","001552FACLTY","ARP","2007","Yes"
"Herbert A Wagner","1554","001554FACLTY","ARP","2007","Yes"
"Perryman","1556","001556FACLTY","ARP","2007","Yes"
"Riverside","1559","001559FACLTY","ARP","2007","Yes"
"Vienna","1564","001564FACLTY","ARP","2007","Yes"
"R. Paul Smith Power Station","1570","001570FACLTY","ARP","2007","Yes"
"Chalk Point","1571","001571FACLTY","ARP","2007","Yes"
"Dickerson","1572","001572FACLTY","ARP","2007","Yes"
"Morgantown","1573","001573FACLTY","ARP","2007","Yes"
"Mystic","1588","001588FACLTY","ARP","2007","Yes"
"New Boston","1589","001589FACLTY","ARP","2007","Yes"
"Kendall Green Energy LLC","1595","001595FACLTY","ARP","2007","Yes"
"Canal Station","1599","001599FACLTY","ARP","2007","Yes"
"Mount Tom","1606","001606FACLTY","ARP","2007","Yes"
"Somerset","1613","001613FACLTY","ARP","2007","Yes"
"Brayton Point","1619","001619FACLTY","ARP","2007","Yes"
"Salem Harbor Station","1626","001626FACLTY","ARP","2007","Yes"
"West Springfield","1642","001642FACLTY","ARP","2007","Yes"
"Cleary Flood","1682","001682FACLTY","ARP","2007","Yes"
"B C Cobb","1695","001695FACLTY","ARP","2007","Yes"
"Dan E Karn","1702","001702FACLTY","ARP","2007","Yes"
"J H Campbell","1710","001710FACLTY","ARP","2007","Yes"
"J C Weadock","1720","001720FACLTY","ARP","2007","Yes"
"J R Whiting","1723","001723FACLTY","ARP","2007","Yes"
"Conners Creek","1726","001726FACLTY","ARP","2007","Yes"
"Delray","1728","001728FACLTY","ARP","2007","Yes"
"Harbor Beach","1731","001731FACLTY","ARP","2007","Yes"
"Marysville","1732","001732FACLTY","ARP","2007","Yes"
"Monroe","1733","001733FACLTY","ARP","2007","Yes"
"River Rouge","1740","001740FACLTY","ARP","2007","Yes"
"St. Clair","1743","001743FACLTY","ARP","2007","Yes"
"Trenton Channel","1745","001745FACLTY","ARP","2007","Yes"
"Presque Isle","1769","001769FACLTY","ARP","2007","Yes"
"Mistersky","1822","001822FACLTY","ARP","2007","Yes"
"J B Sims","1825","001825FACLTY","ARP","2007","Yes"
"James De Young","1830","001830FACLTY","ARP","2007","Yes"
"Eckert Station","1831","001831FACLTY","ARP","2007","Yes"
"Erickson","1832","001832FACLTY","ARP","2007","Yes"
"Shiras","1843","001843FACLTY","ARP","2007","Yes"
"Wyandotte","1866","001866FACLTY","ARP","2007","Yes"
"Fox Lake","1888","001888FACLTY","ARP","2007","Yes"
"Laskin Energy Center","1891","001891FACLTY","ARP","2007","Yes"
"Boswell Energy Center","1893","001893FACLTY","ARP","2007","Yes"
"Hibbard Energy Center","1897","001897FACLTY","ARP","2007","Yes"
"Black Dog","1904","001904FACLTY","ARP","2007","Yes"
"High Bridge","1912","001912FACLTY","ARP","2007","Yes"
"Allen S King","1915","001915FACLTY","ARP","2007","Yes"
"Minnesota Valley","1918","001918FACLTY","ARP","2007","Yes"
"Riverside (1927)","1927","001927FACLTY","ARP","2007","Yes"
"Hoot Lake","1943","001943FACLTY","ARP","2007","Yes"
"Northeast Station","1961","001961FACLTY","ARP","2007","Yes"
"Silver Lake","2008","002008FACLTY","ARP","2007","Yes"
"Cambridge Station","2038","002038FACLTY","ARP","2007","Yes"
"Chevron Cogenerating Station","2047","002047FACLTY","ARP","2007","Yes"
"Sweatt Electric Generating Plant","2048","002048FACLTY","ARP","2007","Yes"
"Watson Electric Generating Plant","2049","002049FACLTY","ARP","2007","Yes"
"Baxter Wilson","2050","002050FACLTY","ARP","2007","Yes"
"Delta","2051","002051FACLTY","ARP","2007","Yes"
"Natchez","2052","002052FACLTY","ARP","2007","Yes"
"Rex Brown","2053","002053FACLTY","ARP","2007","Yes"
"Moselle Generation Complex","2070","002070FACLTY","ARP","2007","Yes"
"Asbury","2076","002076FACLTY","ARP","2007","Yes"
"Hawthorn","2079","002079FACLTY","ARP","2007","Yes"
"Montrose","2080","002080FACLTY","ARP","2007","Yes"
"Sibley","2094","002094FACLTY","ARP","2007","Yes"
"Lake Road","2098","002098FACLTY","ARP","2007","Yes"
"Labadie","2103","002103FACLTY","ARP","2007","Yes"
"Meramec","2104","002104FACLTY","ARP","2007","Yes"
"Sioux","2107","002107FACLTY","ARP","2007","Yes"
"Columbia","2123","002123FACLTY","ARP","2007","Yes"
"Blue Valley","2132","002132FACLTY","ARP","2007","Yes"
"James River","2161","002161FACLTY","ARP","2007","Yes"
"New Madrid Power Plant","2167","002167FACLTY","ARP","2007","Yes"
"Thomas Hill Energy Center","2168","002168FACLTY","ARP","2007","Yes"
"Chamois Power Plant","2169","002169FACLTY","ARP","2007","Yes"
"Glendive Generating Station","2176","002176FACLTY","ARP","2007","Yes"
"J E Corette","2187","002187FACLTY","ARP","2007","Yes"
"Canaday","2226","002226FACLTY","ARP","2007","Yes"
"Lon D Wright Power Plant","2240","002240FACLTY","ARP","2007","Yes"
"C W Burdick","2241","002241FACLTY","ARP","2007","Yes"
"Sheldon","2277","002277FACLTY","ARP","2007","Yes"
"North Omaha Station","2291","002291FACLTY","ARP","2007","Yes"
"Sarpy County Station","2292","002292FACLTY","ARP","2007","Yes"
"Reid Gardner","2324","002324FACLTY","ARP","2007","Yes"
"Sunrise","2326","002326FACLTY","ARP","2007","Yes"
"Fort Churchill","2330","002330FACLTY","ARP","2007","Yes"
"Tracy","2336","002336FACLTY","ARP","2007","Yes"
"Mohave","2341","002341FACLTY","ARP","2007","Yes"
"Merrimack","2364","002364FACLTY","ARP","2007","Yes"
"Schiller","2367","002367FACLTY","ARP","2007","Yes"
"B L England","2378","002378FACLTY","ARP","2007","Yes"
"Deepwater","2384","002384FACLTY","ARP","2007","Yes"
"Gilbert Generating Station","2393","002393FACLTY","ARP","2007","Yes"
"Bergen Generating Station","2398","002398FACLTY","ARP","2007","Yes"
"Burlington Generating Station","2399","002399FACLTY","ARP","2007","Yes"
"Hudson Generating Station","2403","002403FACLTY","ARP","2007","Yes"
"Kearny Generating Station","2404","002404FACLTY","ARP","2007","Yes"
"Linden Generating Station","2406","002406FACLTY","ARP","2007","Yes"
"Mercer Generating Station","2408","002408FACLTY","ARP","2007","Yes"
"Sewaren Generating Station","2411","002411FACLTY","ARP","2007","Yes"
"Four Corners Steam Elec Station","2442","002442FACLTY","ARP","2007","Yes"
"Rio Grande","2444","002444FACLTY","ARP","2007","Yes"
"Maddox","2446","002446FACLTY","ARP","2007","Yes"
"Reeves Generating Station","2450","002450FACLTY","ARP","2007","Yes"
"San Juan","2451","002451FACLTY","ARP","2007","Yes"
"Cunningham","2454","002454FACLTY","ARP","2007","Yes"
"Danskammer Generating Station","2480","002480FACLTY","ARP","2007","Yes"
"Arthur Kill","2490","002490FACLTY","ARP","2007","Yes"
"Charles Poletti","2491","002491FACLTY","ARP","2007","Yes"
"East River","2493","002493FACLTY","ARP","2007","Yes"
"Ravenswood Generating Station","2500","002500FACLTY","ARP","2007","Yes"
"74th Street","2504","002504FACLTY","ARP","2007","Yes"
"E F Barrett","2511","002511FACLTY","ARP","2007","Yes"
"Far Rockaway","2513","002513FACLTY","ARP","2007","Yes"
"Glenwood","2514","002514FACLTY","ARP","2007","Yes"
"Northport","2516","002516FACLTY","ARP","2007","Yes"
"Port Jefferson Energy Center","2517","002517FACLTY","ARP","2007","Yes"
"GMMM Westover","2526","002526FACLTY","ARP","2007","Yes"
"Greenidge Generation LLC","2527","002527FACLTY","ARP","2007","Yes"
"GMMM Hickling","2529","002529FACLTY","ARP","2007","Yes"
"GMMM Jennison","2531","002531FACLTY","ARP","2007","Yes"
"Cayuga Operating Company, LLC","2535","002535FACLTY","ARP","2007","Yes"
"Bethlehem Energy Center (Albany)","2539","002539FACLTY","ARP","2007","Yes"
"Huntley Power","2549","002549FACLTY","ARP","2007","Yes"
"NRG Dunkirk Power","2554","002554FACLTY","ARP","2007","Yes"
"Oswego Harbor Power","2594","002594FACLTY","ARP","2007","Yes"
"Bowline Generating Station","2625","002625FACLTY","ARP","2007","Yes"
"Lovett Generating Station","2629","002629FACLTY","ARP","2007","Yes"
"Rochester 7 - Russell Station","2642","002642FACLTY","ARP","2007","Yes"
"Freeport Power Plant No. 2","2679","002679FACLTY","ARP","2007","Yes"
"S A Carlson","2682","002682FACLTY","ARP","2007","Yes"
"Asheville","2706","002706FACLTY","ARP","2007","Yes"
"Cape Fear","2708","002708FACLTY","ARP","2007","Yes"
"H F Lee Steam Electric Plant","2709","002709FACLTY","ARP","2007","Yes"
"Roxboro","2712","002712FACLTY","ARP","2007","Yes"
"L V Sutton","2713","002713FACLTY","ARP","2007","Yes"
"W H Weatherspoon","2716","002716FACLTY","ARP","2007","Yes"
"G G Allen","2718","002718FACLTY","ARP","2007","Yes"
"Buck","2720","002720FACLTY","ARP","2007","Yes"
"Cliffside","2721","002721FACLTY","ARP","2007","Yes"
"Dan River","2723","002723FACLTY","ARP","2007","Yes"
"Marshall","2727","002727FACLTY","ARP","2007","Yes"
"Riverbend","2732","002732FACLTY","ARP","2007","Yes"
"R M Heskett","2790","002790FACLTY","ARP","2007","Yes"
"Leland Olds","2817","002817FACLTY","ARP","2007","Yes"
"Milton R Young","2823","002823FACLTY","ARP","2007","Yes"
"Stanton","2824","002824FACLTY","ARP","2007","Yes"
"Cardinal","2828","002828FACLTY","ARP","2007","Yes"
"Walter C Beckjord Generating Station","2830","002830FACLTY","ARP","2007","Yes"
"Miami Fort Power Station","2832","002832FACLTY","ARP","2007","Yes"
"Ashtabula","2835","002835FACLTY","ARP","2007","Yes"
"Avon Lake Power Plant","2836","002836FACLTY","ARP","2007","Yes"
"Eastlake","2837","002837FACLTY","ARP","2007","Yes"
"Lake Shore","2838","002838FACLTY","ARP","2007","Yes"
"Conesville","2840","002840FACLTY","ARP","2007","Yes"
"Picway","2843","002843FACLTY","ARP","2007","Yes"
"Frank M Tait Station","2847","002847FACLTY","ARP","2007","Yes"
"O H Hutchings","2848","002848FACLTY","ARP","2007","Yes"
"J M Stuart","2850","002850FACLTY","ARP","2007","Yes"
"Niles","2861","002861FACLTY","ARP","2007","Yes"
"R E Burger","2864","002864FACLTY","ARP","2007","Yes"
"W H Sammis","2866","002866FACLTY","ARP","2007","Yes"
"West Lorain","2869","002869FACLTY","ARP","2007","Yes"
"Muskingum River","2872","002872FACLTY","ARP","2007","Yes"
"Kyger Creek","2876","002876FACLTY","ARP","2007","Yes"
"Bay Shore","2878","002878FACLTY","ARP","2007","Yes"
"Richland Peaking Station","2880","002880FACLTY","ARP","2007","Yes"
"Hamilton Municipal Power Plant","2917","002917FACLTY","ARP","2007","Yes"
"Horseshoe Lake","2951","002951FACLTY","ARP","2007","Yes"
"Muskogee","2952","002952FACLTY","ARP","2007","Yes"
"Mustang","2953","002953FACLTY","ARP","2007","Yes"
"Seminole (2956)","2956","002956FACLTY","ARP","2007","Yes"
"Northeastern","2963","002963FACLTY","ARP","2007","Yes"
"Southwestern","2964","002964FACLTY","ARP","2007","Yes"
"Tulsa","2965","002965FACLTY","ARP","2007","Yes"
"Anadarko","3006","003006FACLTY","ARP","2007","Yes"
"Mooreland","3008","003008FACLTY","ARP","2007","Yes"
"Brunot Island Power Station","3096","003096FACLTY","ARP","2007","Yes"
"Elrama","3098","003098FACLTY","ARP","2007","Yes"
"Portland","3113","003113FACLTY","ARP","2007","Yes"
"Titus","3115","003115FACLTY","ARP","2007","Yes"
"Conemaugh","3118","003118FACLTY","ARP","2007","Yes"
"Homer City","3122","003122FACLTY","ARP","2007","Yes"
"Seward","3130","003130FACLTY","ARP","2007","Yes"
"Shawville","3131","003131FACLTY","ARP","2007","Yes"
"Keystone","3136","003136FACLTY","ARP","2007","Yes"
"New Castle","3138","003138FACLTY","ARP","2007","Yes"
"Brunner Island, LLC","3140","003140FACLTY","ARP","2007","Yes"
"Martins Creek, LLC","3148","003148FACLTY","ARP","2007","Yes"
"Montour, LLC","3149","003149FACLTY","ARP","2007","Yes"
"Sunbury","3152","003152FACLTY","ARP","2007","Yes"
"Cromby","3159","003159FACLTY","ARP","2007","Yes"
"Eddystone Generating Station","3161","003161FACLTY","ARP","2007","Yes"
"Schuylkill","3169","003169FACLTY","ARP","2007","Yes"
"Hunlock Creek Energy Center","3176","003176FACLTY","ARP","2007","Yes"
"Armstrong Power Station","3178","003178FACLTY","ARP","2007","Yes"
"Hatfield's Ferry Power Station","3179","003179FACLTY","ARP","2007","Yes"
"Mitchell Power Station","3181","003181FACLTY","ARP","2007","Yes"
"Manchester Street Station","3236","003236FACLTY","ARP","2007","Yes"
"Darlington County","3250","003250FACLTY","ARP","2007","Yes"
"H B Robinson","3251","003251FACLTY","ARP","2007","Yes"
"W S Lee","3264","003264FACLTY","ARP","2007","Yes"
"Canadys Steam","3280","003280FACLTY","ARP","2007","Yes"
"Hagood","3285","003285FACLTY","ARP","2007","Yes"
"McMeekin","3287","003287FACLTY","ARP","2007","Yes"
"Urquhart","3295","003295FACLTY","ARP","2007","Yes"
"Wateree","3297","003297FACLTY","ARP","2007","Yes"
"Williams","3298","003298FACLTY","ARP","2007","Yes"
"Dolphus M Grainger","3317","003317FACLTY","ARP","2007","Yes"
"Jefferies","3319","003319FACLTY","ARP","2007","Yes"
"Huron","3344","003344FACLTY","ARP","2007","Yes"
"Allen","3393","003393FACLTY","ARP","2007","Yes"
"Bull Run","3396","003396FACLTY","ARP","2007","Yes"
"Cumberland","3399","003399FACLTY","ARP","2007","Yes"
"Gallatin","3403","003403FACLTY","ARP","2007","Yes"
"John Sevier","3405","003405FACLTY","ARP","2007","Yes"
"Johnsonville","3406","003406FACLTY","ARP","2007","Yes"
"Kingston","3407","003407FACLTY","ARP","2007","Yes"
"J L Bates","3438","003438FACLTY","ARP","2007","Yes"
"Laredo","3439","003439FACLTY","ARP","2007","Yes"
"Nueces Bay","3441","003441FACLTY","ARP","2007","Yes"
"Lake Hubbard","3452","003452FACLTY","ARP","2007","Yes"
"Mountain Creek Generating Station","3453","003453FACLTY","ARP","2007","Yes"
"North Lake","3454","003454FACLTY","ARP","2007","Yes"
"Newman Power Station","3456","003456FACLTY","ARP","2007","Yes"
"Lewis Creek","3457","003457FACLTY","ARP","2007","Yes"
"Sabine","3459","003459FACLTY","ARP","2007","Yes"
"Cedar Bayou","3460","003460FACLTY","ARP","2007","Yes"
"AES Western Power, LLC","3461","003461FACLTY","ARP","2007","Yes"
"Greens Bayou","3464","003464FACLTY","ARP","2007","Yes"
"P H Robinson","3466","003466FACLTY","ARP","2007","Yes"
"Sam Bertron","3468","003468FACLTY","ARP","2007","Yes"
"W A Parish","3470","003470FACLTY","ARP","2007","Yes"
"Knox Lee Power Plant","3476","003476FACLTY","ARP","2007","Yes"
"Lone Star Power Plant","3477","003477FACLTY","ARP","2007","Yes"
"Wilkes Power Plant","3478","003478FACLTY","ARP","2007","Yes"
"Jones Station","3482","003482FACLTY","ARP","2007","Yes"
"Moore County Station","3483","003483FACLTY","ARP","2007","Yes"
"Nichols Station","3484","003484FACLTY","ARP","2007","Yes"
"Plant X","3485","003485FACLTY","ARP","2007","Yes"
"Eagle Mountain","3489","003489FACLTY","ARP","2007","Yes"
"Graham","3490","003490FACLTY","ARP","2007","Yes"
"Handley Generating Station","3491","003491FACLTY","ARP","2007","Yes"
"Morgan Creek","3492","003492FACLTY","ARP","2007","Yes"
"Permian Basin","3494","003494FACLTY","ARP","2007","Yes"
"Big Brown","3497","003497FACLTY","ARP","2007","Yes"
"Collin","3500","003500FACLTY","ARP","2007","Yes"
"Lake Creek","3502","003502FACLTY","ARP","2007","Yes"
"Stryker Creek","3504","003504FACLTY","ARP","2007","Yes"
"Tradinghouse","3506","003506FACLTY","ARP","2007","Yes"
"Trinidad","3507","003507FACLTY","ARP","2007","Yes"
"Valley (TXU)","3508","003508FACLTY","ARP","2007","Yes"
"Decker Creek","3548","003548FACLTY","ARP","2007","Yes"
"Holly Street","3549","003549FACLTY","ARP","2007","Yes"
"Silas Ray","3559","003559FACLTY","ARP","2007","Yes"
"Bryan (Atkins Power Plant)","3561","003561FACLTY","ARP","2007","Yes"
"C E Newman","3574","003574FACLTY","ARP","2007","Yes"
"Ray Olinger","3576","003576FACLTY","ARP","2007","Yes"
"Sim Gideon","3601","003601FACLTY","ARP","2007","Yes"
"Alex Ty Cooke Generating Station","3602","003602FACLTY","ARP","2007","Yes"
"J Robert Massengale Generating Station","3604","003604FACLTY","ARP","2007","Yes"
"Leon Creek","3609","003609FACLTY","ARP","2007","Yes"
"O W Sommers","3611","003611FACLTY","ARP","2007","Yes"
"V H Braunig","3612","003612FACLTY","ARP","2007","Yes"
"W B Tuttle","3613","003613FACLTY","ARP","2007","Yes"
"North Texas Generation Facility","3627","003627FACLTY","ARP","2007","Yes"
"R W Miller","3628","003628FACLTY","ARP","2007","Yes"
"Sam Rayburn Plant","3631","003631FACLTY","ARP","2007","Yes"
"Carbon","3644","003644FACLTY","ARP","2007","Yes"
"Gadsby","3648","003648FACLTY","ARP","2007","Yes"
"Clinch River","3775","003775FACLTY","ARP","2007","Yes"
"Glen Lyn","3776","003776FACLTY","ARP","2007","Yes"
"Potomac River","3788","003788FACLTY","ARP","2007","Yes"
"Bremo Power Station","3796","003796FACLTY","ARP","2007","Yes"
"Chesterfield Power Station","3797","003797FACLTY","ARP","2007","Yes"
"Chesapeake Energy Center","3803","003803FACLTY","ARP","2007","Yes"
"Possum Point Power Station","3804","003804FACLTY","ARP","2007","Yes"
"Yorktown Power Station","3809","003809FACLTY","ARP","2007","Yes"
"Centralia","3845","003845FACLTY","ARP","2007","Yes"
"John E Amos","3935","003935FACLTY","ARP","2007","Yes"
"Kanawha River","3936","003936FACLTY","ARP","2007","Yes"
"Phil Sporn","3938","003938FACLTY","ARP","2007","Yes"
"Albright Power Station","3942","003942FACLTY","ARP","2007","Yes"
"Fort Martin Power Station","3943","003943FACLTY","ARP","2007","Yes"
"Harrison Power Station","3944","003944FACLTY","ARP","2007","Yes"
"Rivesville Power Station","3945","003945FACLTY","ARP","2007","Yes"
"Willow Island Power Station","3946","003946FACLTY","ARP","2007","Yes"
"Kammer","3947","003947FACLTY","ARP","2007","Yes"
"Mitchell (WV)","3948","003948FACLTY","ARP","2007","Yes"
"Mount Storm Power Station","3954","003954FACLTY","ARP","2007","Yes"
"Bay Front","3982","003982FACLTY","ARP","2007","Yes"
"Blount Street","3992","003992FACLTY","ARP","2007","Yes"
"Port Washington Generating Station","4040","004040FACLTY","ARP","2007","Yes"
"South Oak Creek","4041","004041FACLTY","ARP","2007","Yes"
"Valley (WEPCO)","4042","004042FACLTY","ARP","2007","Yes"
"Edgewater (4050)","4050","004050FACLTY","ARP","2007","Yes"
"Nelson Dewey","4054","004054FACLTY","ARP","2007","Yes"
"Rock River","4057","004057FACLTY","ARP","2007","Yes"
"Pulliam","4072","004072FACLTY","ARP","2007","Yes"
"West Marinette","4076","004076FACLTY","ARP","2007","Yes"
"Weston","4078","004078FACLTY","ARP","2007","Yes"
"Manitowoc","4125","004125FACLTY","ARP","2007","Yes"
"Alma","4140","004140FACLTY","ARP","2007","Yes"
"Genoa","4143","004143FACLTY","ARP","2007","Yes"
"DTE Stoneman, LLC","4146","004146FACLTY","ARP","2007","Yes"
"Dave Johnston","4158","004158FACLTY","ARP","2007","Yes"
"Naughton","4162","004162FACLTY","ARP","2007","Yes"
"Power Lane Steam Plant","4195","004195FACLTY","ARP","2007","Yes"
"Michigan Hub Plant","4259","004259FACLTY","ARP","2007","Yes"
"Spencer","4266","004266FACLTY","ARP","2007","Yes"
"J P Madgett","4271","004271FACLTY","ARP","2007","Yes"
"T C Ferguson Power Plant","4937","004937FACLTY","ARP","2007","Yes"
"Barney M. Davis","4939","004939FACLTY","ARP","2007","Yes"
"Riverside (4940)","4940","004940FACLTY","ARP","2007","Yes"
"Navajo Generating Station","4941","004941FACLTY","ARP","2007","Yes"
"James H Miller Jr","6002","006002FACLTY","ARP","2007","Yes"
"Pleasants Power Station","6004","006004FACLTY","ARP","2007","Yes"
"White Bluff","6009","006009FACLTY","ARP","2007","Yes"
"Olive","6013","006013FACLTY","ARP","2007","Yes"
"Duck Creek","6016","006016FACLTY","ARP","2007","Yes"
"Newton","6017","006017FACLTY","ARP","2007","Yes"
"East Bend","6018","006018FACLTY","ARP","2007","Yes"
"W H Zimmer Generating Station","6019","006019FACLTY","ARP","2007","Yes"
"Craig","6021","006021FACLTY","ARP","2007","Yes"
"Coal Creek","6030","006030FACLTY","ARP","2007","Yes"
"Killen Station","6031","006031FACLTY","ARP","2007","Yes"
"Belle River","6034","006034FACLTY","ARP","2007","Yes"
"Greenwood","6035","006035FACLTY","ARP","2007","Yes"
"H L Spurlock","6041","006041FACLTY","ARP","2007","Yes"
"Manatee","6042","006042FACLTY","ARP","2007","Yes"
"Martin","6043","006043FACLTY","ARP","2007","Yes"
"Debary","6046","006046FACLTY","ARP","2007","Yes"
"Wansley (6052)","6052","006052FACLTY","ARP","2007","Yes"
"Big Cajun 2","6055","006055FACLTY","ARP","2007","Yes"
"Cascade Creek","6058","006058FACLTY","ARP","2007","Yes"
"R D Morrow Senior Generating Plant","6061","006061FACLTY","ARP","2007","Yes"
"Nearman Creek","6064","006064FACLTY","ARP","2007","Yes"
"Iatan","6065","006065FACLTY","ARP","2007","Yes"
"Jeffrey Energy Center","6068","006068FACLTY","ARP","2007","Yes"
"Trimble County","6071","006071FACLTY","ARP","2007","Yes"
"Daniel Electric Generating Plant","6073","006073FACLTY","ARP","2007","Yes"
"Colstrip","6076","006076FACLTY","ARP","2007","Yes"
"Gerald Gentleman Station","6077","006077FACLTY","ARP","2007","Yes"
"Somerset Operating Company  (Kintigh)","6082","006082FACLTY","ARP","2007","Yes"
"R M Schahfer Generating Station","6085","006085FACLTY","ARP","2007","Yes"
"Lewis & Clark","6089","006089FACLTY","ARP","2007","Yes"
"Sherburne County","6090","006090FACLTY","ARP","2007","Yes"
"Bruce Mansfield","6094","006094FACLTY","ARP","2007","Yes"
"Sooner","6095","006095FACLTY","ARP","2007","Yes"
"Nebraska City Station","6096","006096FACLTY","ARP","2007","Yes"
"Big Stone","6098","006098FACLTY","ARP","2007","Yes"
"Wyodak","6101","006101FACLTY","ARP","2007","Yes"
"Boardman","6106","006106FACLTY","ARP","2007","Yes"
"Fort St. Vrain","6112","006112FACLTY","ARP","2007","Yes"
"Gibson","6113","006113FACLTY","ARP","2007","Yes"
"McIntosh (6124)","6124","006124FACLTY","ARP","2007","Yes"
"Gibbons Creek Steam Electric Station","6136","006136FACLTY","ARP","2007","Yes"
"A B Brown Generating Station","6137","006137FACLTY","ARP","2007","Yes"
"Flint Creek Power Plant","6138","006138FACLTY","ARP","2007","Yes"
"Welsh Power Plant","6139","006139FACLTY","ARP","2007","Yes"
"Martin Lake","6146","006146FACLTY","ARP","2007","Yes"
"Monticello","6147","006147FACLTY","ARP","2007","Yes"
"Rush Island","6155","006155FACLTY","ARP","2007","Yes"
"New Haven Harbor","6156","006156FACLTY","ARP","2007","Yes"
"Hunter","6165","006165FACLTY","ARP","2007","Yes"
"Rockport","6166","006166FACLTY","ARP","2007","Yes"
"Pleasant Prairie","6170","006170FACLTY","ARP","2007","Yes"
"Coronado Generating Station","6177","006177FACLTY","ARP","2007","Yes"
"Coleto Creek","6178","006178FACLTY","ARP","2007","Yes"
"Sam Seymour","6179","006179FACLTY","ARP","2007","Yes"
"J T Deely","6181","006181FACLTY","ARP","2007","Yes"
"San Miguel","6183","006183FACLTY","ARP","2007","Yes"
"Brame Energy Center","6190","006190FACLTY","ARP","2007","Yes"
"Harrington Station","6193","006193FACLTY","ARP","2007","Yes"
"Tolk Station","6194","006194FACLTY","ARP","2007","Yes"
"John Twitty Energy Center","6195","006195FACLTY","ARP","2007","Yes"
"Laramie River","6204","006204FACLTY","ARP","2007","Yes"
"Merom","6213","006213FACLTY","ARP","2007","Yes"
"Empire District Elec Co Energy Ctr","6223","006223FACLTY","ARP","2007","Yes"
"Roland C. Dansby Power Plant","6243","006243FACLTY","ARP","2007","Yes"
"Putnam","6246","006246FACLTY","ARP","2007","Yes"
"Pawnee","6248","006248FACLTY","ARP","2007","Yes"
"Winyah","6249","006249FACLTY","ARP","2007","Yes"
"Mayo","6250","006250FACLTY","ARP","2007","Yes"
"Germantown Power Plant","6253","006253FACLTY","ARP","2007","Yes"
"Ottumwa","6254","006254FACLTY","ARP","2007","Yes"
"Scherer","6257","006257FACLTY","ARP","2007","Yes"
"Mountaineer (1301)","6264","006264FACLTY","ARP","2007","Yes"
"Hutchinson - Plant 2","6358","006358FACLTY","ARP","2007","Yes"
"Rokeby","6373","006373FACLTY","ARP","2007","Yes"
"Dayton Avenue Substation","6463","006463FACLTY","ARP","2007","Yes"
"Antelope Valley","6469","006469FACLTY","ARP","2007","Yes"
"Intermountain","6481","006481FACLTY","ARP","2007","Yes"
"D G Hunter","6558","006558FACLTY","ARP","2007","Yes"
"Stock Island","6584","006584FACLTY","ARP","2007","Yes"
"R D Green","6639","006639FACLTY","ARP","2007","Yes"
"Independence","6641","006641FACLTY","ARP","2007","Yes"
"Sandow","6648","006648FACLTY","ARP","2007","Yes"
"Louisa","6664","006664FACLTY","ARP","2007","Yes"
"Alcoa Allowance Management Inc","6705","006705FACLTY","ARP","2007","Yes"
"Rawhide Energy Station","6761","006761FACLTY","ARP","2007","Yes"
"Sikeston","6768","006768FACLTY","ARP","2007","Yes"
"Hugo","6772","006772FACLTY","ARP","2007","Yes"
"D B Wilson","6823","006823FACLTY","ARP","2007","Yes"
"East 12th Street","7013","007013FACLTY","ARP","2007","Yes"
"Twin Oaks","7030","007030FACLTY","ARP","2007","Yes"
"McIntosh (7063)","7063","007063FACLTY","ARP","2007","Yes"
"Harry Allen","7082","007082FACLTY","ARP","2007","Yes"
"J K Spruce","7097","007097FACLTY","ARP","2007","Yes"
"Pleasant Hill Energy Center","7145","007145FACLTY","ARP","2007","Yes"
"Hay Road","7153","007153FACLTY","ARP","2007","Yes"
"Lime Creek","7155","007155FACLTY","ARP","2007","Yes"
"Woodsdale","7158","007158FACLTY","ARP","2007","Yes"
"Concord","7159","007159FACLTY","ARP","2007","Yes"
"South Fond Du Lac","7203","007203FACLTY","ARP","2007","Yes"
"Cope Station","7210","007210FACLTY","ARP","2007","Yes"
"Clover Power Station","7213","007213FACLTY","ARP","2007","Yes"
"Angus Anson","7237","007237FACLTY","ARP","2007","Yes"
"Cane Island","7238","007238FACLTY","ARP","2007","Yes"
"Polk","7242","007242FACLTY","ARP","2007","Yes"
"Richard Gorsuch","7253","007253FACLTY","ARP","2007","Yes"
"Reedy Creek Central Energy Plant","7254","007254FACLTY","ARP","2007","Yes"
"48th Street Peaking Station","7258","007258FACLTY","ARP","2007","Yes"
"Woodland Generation Station","7266","007266FACLTY","ARP","2007","Yes"
"Paris","7270","007270FACLTY","ARP","2007","Yes"
"Lincoln Combustion Turbine","7277","007277FACLTY","ARP","2007","Yes"
"Sherman Avenue","7288","007288FACLTY","ARP","2007","Yes"
"State Line (MO)","7296","007296FACLTY","ARP","2007","Yes"
"Hines Energy Complex","7302","007302FACLTY","ARP","2007","Yes"
"Redding Power Plant","7307","007307FACLTY","ARP","2007","Yes"
"Richard M Flynn (Holtsville)","7314","007314FACLTY","ARP","2007","Yes"
"Almond Power Plant","7315","007315FACLTY","ARP","2007","Yes"
"Van Sant","7318","007318FACLTY","ARP","2007","Yes"
"San Jacinto Steam Electric Station","7325","007325FACLTY","ARP","2007","Yes"
"Richmond (IN)","7335","007335FACLTY","ARP","2007","Yes"
"Anderson","7336","007336FACLTY","ARP","2007","Yes"
"George Neal South","7343","007343FACLTY","ARP","2007","Yes"
"University of Florida","7345","007345FACLTY","ARP","2007","Yes"
"Robins","7348","007348FACLTY","ARP","2007","Yes"
"Coyote Springs","7350","007350FACLTY","ARP","2007","Yes"
"Midulla Generating Station","7380","007380FACLTY","ARP","2007","Yes"
"Interstate","7425","007425FACLTY","ARP","2007","Yes"
"NCPA Combustion Turbine Project #2","7449","007449FACLTY","ARP","2007","Yes"
"Rathdrum Combustion Turbine Project","7456","007456FACLTY","ARP","2007","Yes"
"Neil Simpson II","7504","007504FACLTY","ARP","2007","Yes"
"McPherson Municipal Power Plant #3","7515","007515FACLTY","ARP","2007","Yes"
"Carson Power Plant","7527","007527FACLTY","ARP","2007","Yes"
"North Branch Power Station","7537","007537FACLTY","ARP","2007","Yes"
"Procter and Gamble Power Plant","7551","007551FACLTY","ARP","2007","Yes"
"Campbell Power Plant","7552","007552FACLTY","ARP","2007","Yes"
"St. Francis Power Plant","7604","007604FACLTY","ARP","2007","Yes"
"River Road","7605","007605FACLTY","ARP","2007","Yes"
"Anaheim Combustion Turbine","7693","007693FACLTY","ARP","2007","Yes"
"Washington County Cogen (Olin)","7697","007697FACLTY","ARP","2007","Yes"
"SABIC Innovative Plastics - Burkville","7698","007698FACLTY","ARP","2007","Yes"
"Tiger Bay","7699","007699FACLTY","ARP","2007","Yes"
"Plant H. Allen Franklin","7710","007710FACLTY","ARP","2007","Yes"
"Theodore Cogeneration","7721","007721FACLTY","ARP","2007","Yes"
"Essex Power Plant","7749","007749FACLTY","ARP","2007","Yes"
"Nodaway Power Plant","7754","007754FACLTY","ARP","2007","Yes"
"Chouteau Power Plant","7757","007757FACLTY","ARP","2007","Yes"
"Georgetown Substation","7759","007759FACLTY","ARP","2007","Yes"
"Tilton Power Station","7760","007760FACLTY","ARP","2007","Yes"
"Calpine Hidalgo Energy Center","7762","007762FACLTY","ARP","2007","Yes"
"Henry County Generating Station","7763","007763FACLTY","ARP","2007","Yes"
"MPC Generating","7764","007764FACLTY","ARP","2007","Yes"
"Dahlberg (Jackson County)","7765","007765FACLTY","ARP","2007","Yes"
"Sowega Power Project","7768","007768FACLTY","ARP","2007","Yes"
"Omega JV2 Hamilton","7782","007782FACLTY","ARP","2007","Yes"
"Omega JV2 Bowling Green","7783","007783FACLTY","ARP","2007","Yes"
"Bonanza","7790","007790FACLTY","ARP","2007","Yes"
"Richmond County Plant","7805","007805FACLTY","ARP","2007","Yes"
"Sewell Creek Energy","7813","007813FACLTY","ARP","2007","Yes"
"Fulton","7825","007825FACLTY","ARP","2007","Yes"
"Plant Rowan County","7826","007826FACLTY","ARP","2007","Yes"
"Smarr Energy Facility","7829","007829FACLTY","ARP","2007","Yes"
"John S. Rainey Generating Station","7834","007834FACLTY","ARP","2007","Yes"
"Rock Springs Generating Facility","7835","007835FACLTY","ARP","2007","Yes"
"Marsh Run Generation Facility","7836","007836FACLTY","ARP","2007","Yes"
"Louisa Generation Facility","7837","007837FACLTY","ARP","2007","Yes"
"Remington Combustion Turbine Station","7838","007838FACLTY","ARP","2007","Yes"
"Ladysmith Combustion Turbine Sta","7839","007839FACLTY","ARP","2007","Yes"
"Freedom Power Project","7842","007842FACLTY","ARP","2007","Yes"
"Pleasant Valley Station","7843","007843FACLTY","ARP","2007","Yes"
"Minnesota River Station","7844","007844FACLTY","ARP","2007","Yes"
"Lagoon Creek","7845","007845FACLTY","ARP","2007","Yes"
"Brandy Branch","7846","007846FACLTY","ARP","2007","Yes"
"Holden Power Plant","7848","007848FACLTY","ARP","2007","Yes"
"MEPI GT Facility","7858","007858FACLTY","ARP","2007","Yes"
"Elk Mound Generating Station","7863","007863FACLTY","ARP","2007","Yes"
"Glenwood Landing Energy Center","7869","007869FACLTY","ARP","2007","Yes"
"Encogen Generating Station","7870","007870FACLTY","ARP","2007","Yes"
"Robert P Mone","7872","007872FACLTY","ARP","2007","Yes"
"Bayside Power Station","7873","007873FACLTY","ARP","2007","Yes"
"Terry Bundy Generating Station","7887","007887FACLTY","ARP","2007","Yes"
"E B Harris Generating Plant","7897","007897FACLTY","ARP","2007","Yes"
"Sand Hill Energy Center","7900","007900FACLTY","ARP","2007","Yes"
"H W Pirkey Power Plant","7902","007902FACLTY","ARP","2007","Yes"
"McCartney Generating Station","7903","007903FACLTY","ARP","2007","Yes"
"Vernon Boulevard","7909","007909FACLTY","ARP","2007","Yes"
"23rd and 3rd","7910","007910FACLTY","ARP","2007","Yes"
"Brentwood","7912","007912FACLTY","ARP","2007","Yes"
"Hell Gate","7913","007913FACLTY","ARP","2007","Yes"
"Harlem River Yard","7914","007914FACLTY","ARP","2007","Yes"
"North 1st","7915","007915FACLTY","ARP","2007","Yes"
"Talbot Energy Facility","7916","007916FACLTY","ARP","2007","Yes"
"Chattahoochee Energy Facility","7917","007917FACLTY","ARP","2007","Yes"
"Lakefield Junction Generating","7925","007925FACLTY","ARP","2007","Yes"
"Osawatomie Generating Station","7928","007928FACLTY","ARP","2007","Yes"
"West Gardner Generating Station","7929","007929FACLTY","ARP","2007","Yes"
"Finley Combustion Turbine","7945","007945FACLTY","ARP","2007","Yes"
"Wansley (7946)","7946","007946FACLTY","ARP","2007","Yes"
"Solway Plant","7947","007947FACLTY","ARP","2007","Yes"
"Hoosier Energy Lawrence Co Station","7948","007948FACLTY","ARP","2007","Yes"
"Evander Andrews Power Complex","7953","007953FACLTY","ARP","2007","Yes"
"Kemper County","7960","007960FACLTY","ARP","2007","Yes"
"Warren F. Sam Beasley Pwr Station","7962","007962FACLTY","ARP","2007","Yes"
"Peno Creek Energy Center","7964","007964FACLTY","ARP","2007","Yes"
"Lordsburg Generating Station","7967","007967FACLTY","ARP","2007","Yes"
"Sumpter Plant","7972","007972FACLTY","ARP","2007","Yes"
"Pyramid Generating Station","7975","007975FACLTY","ARP","2007","Yes"
"Mill Creek Combustion Turbine Station","7981","007981FACLTY","ARP","2007","Yes"
"Kalkaska CT Project #1","7984","007984FACLTY","ARP","2007","Yes"
"Greater Des Moines Energy Center","7985","007985FACLTY","ARP","2007","Yes"
"Lake","7987","007987FACLTY","ARP","2007","Yes"
"Silver Creek Generating Plant","7988","007988FACLTY","ARP","2007","Yes"
"Sylvarena Generating Plant","7989","007989FACLTY","ARP","2007","Yes"
"West Campus Cogeneration Facility","7991","007991FACLTY","ARP","2007","Yes"
"Beatrice","8000","008000FACLTY","ARP","2007","Yes"
"Newington","8002","008002FACLTY","ARP","2007","Yes"
"Roseton Generating LLC","8006","008006FACLTY","ARP","2007","Yes"
"Columbia","8023","008023FACLTY","ARP","2007","Yes"
"Blue Lake Generating Plant","8027","008027FACLTY","ARP","2007","Yes"
"Emery Station","8031","008031FACLTY","ARP","2007","Yes"
"Belews Creek","8042","008042FACLTY","ARP","2007","Yes"
"Anclote","8048","008048FACLTY","ARP","2007","Yes"
"Intercession City","8049","008049FACLTY","ARP","2007","Yes"
"Pouch Terminal","8053","008053FACLTY","ARP","2007","Yes"
"Gerald Andrus","8054","008054FACLTY","ARP","2007","Yes"
"Waterford 1 & 2","8056","008056FACLTY","ARP","2007","Yes"
"Comanche (8059)","8059","008059FACLTY","ARP","2007","Yes"
"Decordova","8063","008063FACLTY","ARP","2007","Yes"
"Jim Bridger","8066","008066FACLTY","ARP","2007","Yes"
"Santan","8068","008068FACLTY","ARP","2007","Yes"
"Huntington","8069","008069FACLTY","ARP","2007","Yes"
"Gen J M Gavin","8102","008102FACLTY","ARP","2007","Yes"
"Ray D Nixon","8219","008219FACLTY","ARP","2007","Yes"
"Coyote","8222","008222FACLTY","ARP","2007","Yes"
"Springerville Generating Station","8223","008223FACLTY","ARP","2007","Yes"
"North Valmy","8224","008224FACLTY","ARP","2007","Yes"
"Cheswick","8226","008226FACLTY","ARP","2007","Yes"
"Astoria Generating Station","8906","008906FACLTY","ARP","2007","Yes"
"Energy Center Dover LLC","10030","010030FACLTY","ARP","2007","Yes"
"Calpine Gilroy Cogen, LP","10034","010034FACLTY","ARP","2007","Yes"
"Taconite Harbor Energy Center","10075","010075FACLTY","ARP","2007","Yes"
"Pedricktown Cogeneration Plant","10099","010099FACLTY","ARP","2007","Yes"
"Fresno Cogeneration Partners, LP","10156","010156FACLTY","ARP","2007","Yes"
"Carson Cogeneration Company","10169","010169FACLTY","ARP","2007","Yes"
"Castleton Power, LLC","10190","010190FACLTY","ARP","2007","Yes"
"King City Power Plant","10294","010294FACLTY","ARP","2007","Yes"
"Bellingham","10307","010307FACLTY","ARP","2007","Yes"
"Sayreville Power LP","10308","010308FACLTY","ARP","2007","Yes"
"Mt. Carmel Cogeneration","10343","010343FACLTY","ARP","2007","Yes"
"Yuba City Energy Center","10349","010349FACLTY","ARP","2007","Yes"
"NC Renewable Power - Elizabethtown","10380","010380FACLTY","ARP","2007","Yes"
"NC Renewable Power - Lumberton LLC","10382","010382FACLTY","ARP","2007","Yes"
"Craven County Wood Energy","10525","010525FACLTY","ARP","2007","Yes"
"Allegany Station No. 133","10619","010619FACLTY","ARP","2007","Yes"
"Carthage Energy","10620","010620FACLTY","ARP","2007","Yes"
"Syracuse, LLC","10621","010621FACLTY","ARP","2007","Yes"
"AES Deepwater, Inc.","10670","010670FACLTY","ARP","2007","Yes"
"Brush Power Projects","10682","010682FACLTY","ARP","2007","Yes"
"MASSPOWER","10726","010726FACLTY","ARP","2007","Yes"
"Camden Plant Holding, LLC","10751","010751FACLTY","ARP","2007","Yes"
"Las Vegas Generating Station","10761","010761FACLTY","ARP","2007","Yes"
"Hopewell Power Station","10771","010771FACLTY","ARP","2007","Yes"
"Altavista Power Station","10773","010773FACLTY","ARP","2007","Yes"
"Southampton Power Station","10774","010774FACLTY","ARP","2007","Yes"
"Lowell Cogeneration Company","10802","010802FACLTY","ARP","2007","Yes"
"AG - Energy","10803","010803FACLTY","ARP","2007","Yes"
"Hazleton Generation","10870","010870FACLTY","ARP","2007","Yes"
"BTEC New Albany LLC","13213","013213FACLTY","ARP","2007","Yes"
"Linden Cogeneration Facility","50006","050006FACLTY","ARP","2007","Yes"
"Paris Energy Center","50109","050109FACLTY","ARP","2007","Yes"
"Coalinga Cogeneration Facility","50131","050131FACLTY","ARP","2007","Yes"
"New Gulf Power Facility","50137","050137FACLTY","ARP","2007","Yes"
"Niagara Generation, LLC","50202","050202FACLTY","ARP","2007","Yes"
"Bucksport Generation LLC","50243","050243FACLTY","ARP","2007","Yes"
"PEI Power Corporation","50279","050279FACLTY","ARP","2007","Yes"
"Bethpage Energy Center","50292","050292FACLTY","ARP","2007","Yes"
"Newark Bay Cogen","50385","050385FACLTY","ARP","2007","Yes"
"Indeck-Silver Springs Energy Center","50449","050449FACLTY","ARP","2007","Yes"
"Indeck-Oswego Energy Center","50450","050450FACLTY","ARP","2007","Yes"
"Indeck-Yerkes Energy Center","50451","050451FACLTY","ARP","2007","Yes"
"Indeck-Corinth Energy Center","50458","050458FACLTY","ARP","2007","Yes"
"Bayonne Plant Holding, LLC","50497","050497FACLTY","ARP","2007","Yes"
"Capitol District Energy Center","50498","050498FACLTY","ARP","2007","Yes"
"Rosemary Power Station","50555","050555FACLTY","ARP","2007","Yes"
"Eagle Point Power Generation","50561","050561FACLTY","ARP","2007","Yes"
"Rausch Creek Generation, LLC","50611","050611FACLTY","ARP","2007","Yes"
"Sweetwater Generating Plant","50615","050615FACLTY","ARP","2007","Yes"
"ExxonMobil Beaumont Refinery","50625","050625FACLTY","ARP","2007","Yes"
"Sterling Power Plant","50744","050744FACLTY","ARP","2007","Yes"
"Newark Power Plant","50797","050797FACLTY","ARP","2007","Yes"
"EFS Parlin Holdings, LLC","50799","050799FACLTY","ARP","2007","Yes"
"Odyssey Energy Altura Cogen, LLC","50815","050815FACLTY","ARP","2007","Yes"
"Onondaga Cogeneration","50855","050855FACLTY","ARP","2007","Yes"
"Sargent Canyon Cogen Facility","50864","050864FACLTY","ARP","2007","Yes"
"Salinas River Cogeneration Facility","50865","050865FACLTY","ARP","2007","Yes"
"Hardee Power Station","50949","050949FACLTY","ARP","2007","Yes"
"Bellemeade Power Station","50966","050966FACLTY","ARP","2007","Yes"
"Carr Street Generating Station","50978","050978FACLTY","ARP","2007","Yes"
"Mecklenburg Power Station","52007","052007FACLTY","ARP","2007","Yes"
"Doswell Limited Partnership","52019","052019FACLTY","ARP","2007","Yes"
"Dartmouth Power","52026","052026FACLTY","ARP","2007","Yes"
"Elizabeth River Combustion Turbine Sta","52087","052087FACLTY","ARP","2007","Yes"
"C. R. Wing Cogeneration Plant","52176","052176FACLTY","ARP","2007","Yes"
"Delaware City Refinery","52193","052193FACLTY","ARP","2007","Yes"
"Rensselaer Cogen","54034","054034FACLTY","ARP","2007","Yes"
"Pawtucket Power Associates, LP","54056","054056FACLTY","ARP","2007","Yes"
"Indeck-Olean Energy Center","54076","054076FACLTY","ARP","2007","Yes"
"Fulton Cogeneration Associates","54138","054138FACLTY","ARP","2007","Yes"
"Orange Cogeneration Facility","54365","054365FACLTY","ARP","2007","Yes"
"Project Orange Facility","54425","054425FACLTY","ARP","2007","Yes"
"Mulberry Cogeneration Facility","54426","054426FACLTY","ARP","2007","Yes"
"Orlando CoGen","54466","054466FACLTY","ARP","2007","Yes"
"Independence","54547","054547FACLTY","ARP","2007","Yes"
"North East Cogeneration Plant","54571","054571FACLTY","ARP","2007","Yes"
"Tanner Street Generation, LLC","54586","054586FACLTY","ARP","2007","Yes"
"Massena Energy Facility","54592","054592FACLTY","ARP","2007","Yes"
"Batavia Energy","54593","054593FACLTY","ARP","2007","Yes"
"Quantum Auburndale Power, LP","54658","054658FACLTY","ARP","2007","Yes"
"Hermiston","54761","054761FACLTY","ARP","2007","Yes"
"Grays Ferry Cogen Partnership","54785","054785FACLTY","ARP","2007","Yes"
"Milagro Cogeneration and Gas Plant","54814","054814FACLTY","ARP","2007","Yes"
"Johnson County Generation Facility","54817","054817FACLTY","ARP","2007","Yes"
"Brandywine Power Facility","54832","054832FACLTY","ARP","2007","Yes"
"Gordonsville Power Station","54844","054844FACLTY","ARP","2007","Yes"
"Brooklyn Navy Yard Cogeneration","54914","054914FACLTY","ARP","2007","Yes"
"Michigan Power Limited Partnership","54915","054915FACLTY","ARP","2007","Yes"
"Cottage Grove Cogeneration","55010","055010FACLTY","ARP","2007","Yes"
"Whitewater Cogeneration Facility","55011","055011FACLTY","ARP","2007","Yes"
"Sweeny Cogeneration Facility","55015","055015FACLTY","ARP","2007","Yes"
"Dighton","55026","055026FACLTY","ARP","2007","Yes"
"Depere Energy Center","55029","055029FACLTY","ARP","2007","Yes"
"Androscoggin Energy","55031","055031FACLTY","ARP","2007","Yes"
"Rio Bravo Generating Station","55039","055039FACLTY","ARP","2007","Yes"
"Mid-Georgia Cogeneration","55040","055040FACLTY","ARP","2007","Yes"
"Berkshire Power","55041","055041FACLTY","ARP","2007","Yes"
"Bridgeport Energy","55042","055042FACLTY","ARP","2007","Yes"
"Cherokee County Cogen","55043","055043FACLTY","ARP","2007","Yes"
"Pasadena Power Plant","55047","055047FACLTY","ARP","2007","Yes"
"Tiverton Power, LLC","55048","055048FACLTY","ARP","2007","Yes"
"Tenaska Georgia Generating Station","55061","055061FACLTY","ARP","2007","Yes"
"Tenaska Frontier Generating Station","55062","055062FACLTY","ARP","2007","Yes"
"Batesville Generation Facility","55063","055063FACLTY","ARP","2007","Yes"
"Blackhawk Station","55064","055064FACLTY","ARP","2007","Yes"
"Mustang Station","55065","055065FACLTY","ARP","2007","Yes"
"Maine Independence Station","55068","055068FACLTY","ARP","2007","Yes"
"Pine Bluff Energy Center","55075","055075FACLTY","ARP","2007","Yes"
"Red Hills Generation Facility","55076","055076FACLTY","ARP","2007","Yes"
"Desert Star Energy Center","55077","055077FACLTY","ARP","2007","Yes"
"Millennium Power","55079","055079FACLTY","ARP","2007","Yes"
"Brownsville Combustion Turbine Plant","55081","055081FACLTY","ARP","2007","Yes"
"Gregory Power Facility","55086","055086FACLTY","ARP","2007","Yes"
"Zeeland Generating Station","55087","055087FACLTY","ARP","2007","Yes"
"Dearborn Industrial Generation","55088","055088FACLTY","ARP","2007","Yes"
"Taft Cogeneration Facility","55089","055089FACLTY","ARP","2007","Yes"
"Midlothian Energy","55091","055091FACLTY","ARP","2007","Yes"
"Lamar Power Plant","55097","055097FACLTY","ARP","2007","Yes"
"Frontera Generation Facility","55098","055098FACLTY","ARP","2007","Yes"
"Rumford Power","55100","055100FACLTY","ARP","2007","Yes"
"Kalamazoo River Generating Station","55101","055101FACLTY","ARP","2007","Yes"
"Livingston Generating Station","55102","055102FACLTY","ARP","2007","Yes"
"Klamath Cogeneration Project","55103","055103FACLTY","ARP","2007","Yes"
"Sabine Cogeneration Facility","55104","055104FACLTY","ARP","2007","Yes"
"Rhode Island State Energy Center","55107","055107FACLTY","ARP","2007","Yes"
"Rocky Road Power, LLC","55109","055109FACLTY","ARP","2007","Yes"
"Madison Generating Station","55110","055110FACLTY","ARP","2007","Yes"
"Vermillion Generating Station","55111","055111FACLTY","ARP","2007","Yes"
"Calpine Sutter Energy Center","55112","055112FACLTY","ARP","2007","Yes"
"Rockingham County Combustion Turbine","55116","055116FACLTY","ARP","2007","Yes"
"R S Cogen LLC","55117","055117FACLTY","ARP","2007","Yes"
"SRO Cogen Limited Partnership","55120","055120FACLTY","ARP","2007","Yes"
"Magic Valley Generating Station","55123","055123FACLTY","ARP","2007","Yes"
"Griffith Energy Project","55124","055124FACLTY","ARP","2007","Yes"
"Milford Power Company LLC","55126","055126FACLTY","ARP","2007","Yes"
"Manchief Generating Station","55127","055127FACLTY","ARP","2007","Yes"
"Walton County Power","55128","055128FACLTY","ARP","2007","Yes"
"Desert Basin Generating Station","55129","055129FACLTY","ARP","2007","Yes"
"Kendall Energy Facility","55131","055131FACLTY","ARP","2007","Yes"
"Tenaska Gateway Generating Station","55132","055132FACLTY","ARP","2007","Yes"
"Neenah Energy Facility","55135","055135FACLTY","ARP","2007","Yes"
"Rio Nogales Power Project, LP","55137","055137FACLTY","ARP","2007","Yes"
"Wolf Hollow Generating Station","55139","055139FACLTY","ARP","2007","Yes"
"Hawk Road Energy Facility","55141","055141FACLTY","ARP","2007","Yes"
"Hays Energy Facility","55144","055144FACLTY","ARP","2007","Yes"
"Green Country Energy, LLC","55146","055146FACLTY","ARP","2007","Yes"
"Worthington Generation","55148","055148FACLTY","ARP","2007","Yes"
"Lake Road Generating Company","55149","055149FACLTY","ARP","2007","Yes"
"La Paloma Generating Plant","55151","055151FACLTY","ARP","2007","Yes"
"Guadalupe Generating Station","55153","055153FACLTY","ARP","2007","Yes"
"Lost Pines 1","55154","055154FACLTY","ARP","2007","Yes"
"Bluegrass Generating Station","55164","055164FACLTY","ARP","2007","Yes"
"Calcasieu Plant","55165","055165FACLTY","ARP","2007","Yes"
"Broad River Energy Center","55166","055166FACLTY","ARP","2007","Yes"
"Bastrop Clean Energy Center","55168","055168FACLTY","ARP","2007","Yes"
"Granite Ridge Energy","55170","055170FACLTY","ARP","2007","Yes"
"Bosque County Power Plant","55172","055172FACLTY","ARP","2007","Yes"
"Acadia Power Station","55173","055173FACLTY","ARP","2007","Yes"
"Geneva Energy, LLC","55174","055174FACLTY","ARP","2007","Yes"
"Eastman Cogeneration Facility","55176","055176FACLTY","ARP","2007","Yes"
"South Point Energy Center, LLC","55177","055177FACLTY","ARP","2007","Yes"
"Dogwood Energy Facility","55178","055178FACLTY","ARP","2007","Yes"
"Rathdrum Power, LLC","55179","055179FACLTY","ARP","2007","Yes"
"Sunrise Power Company","55182","055182FACLTY","ARP","2007","Yes"
"Channelview Cogeneration Facility","55187","055187FACLTY","ARP","2007","Yes"
"Cordova Energy Company","55188","055188FACLTY","ARP","2007","Yes"
"Osceola","55192","055192FACLTY","ARP","2007","Yes"
"Ontelaunee Energy Center","55193","055193FACLTY","ARP","2007","Yes"
"Springdale Generating Station (55196)","55196","055196FACLTY","ARP","2007","Yes"
"Caledonia","55197","055197FACLTY","ARP","2007","Yes"
"Riverside Generating Company","55198","055198FACLTY","ARP","2007","Yes"
"Elwood Energy Facility","55199","055199FACLTY","ARP","2007","Yes"
"Arapahoe Combustion Turbine Facility","55200","055200FACLTY","ARP","2007","Yes"
"Gibson City Energy Center, LLC","55201","055201FACLTY","ARP","2007","Yes"
"Pinckneyville Power Plant","55202","055202FACLTY","ARP","2007","Yes"
"Kinmundy Power Plant","55204","055204FACLTY","ARP","2007","Yes"
"Corpus Christi Energy Center","55206","055206FACLTY","ARP","2007","Yes"
"Valmont Combustion Turbine Facility","55207","055207FACLTY","ARP","2007","Yes"
"Bellingham Power Generation LLC","55211","055211FACLTY","ARP","2007","Yes"
"Blackstone Power Generation LLC","55212","055212FACLTY","ARP","2007","Yes"
"Odessa Ector Generating Station","55215","055215FACLTY","ARP","2007","Yes"
"Los Medanos Energy Center, LLC","55217","055217FACLTY","ARP","2007","Yes"
"Hinds Energy Facility","55218","055218FACLTY","ARP","2007","Yes"
"BTEC Southaven, LLC","55219","055219FACLTY","ARP","2007","Yes"
"Attala Generating Plant","55220","055220FACLTY","ARP","2007","Yes"
"Oswald Generating Station","55221","055221FACLTY","ARP","2007","Yes"
"Lincoln Generating Facility","55222","055222FACLTY","ARP","2007","Yes"
"Ennis Power Company, LLC","55223","055223FACLTY","ARP","2007","Yes"
"Wheatland Generating Facility LLC","55224","055224FACLTY","ARP","2007","Yes"
"Oneta Energy Center","55225","055225FACLTY","ARP","2007","Yes"
"Freestone Power Generation","55226","055226FACLTY","ARP","2007","Yes"
"Greenville Electric Gen Station","55228","055228FACLTY","ARP","2007","Yes"
"Montpelier Electric Gen Station","55229","055229FACLTY","ARP","2007","Yes"
"Jack County Generation Facility","55230","055230FACLTY","ARP","2007","Yes"
"Liberty Electric Power Plant","55231","055231FACLTY","ARP","2007","Yes"
"Marshall County","55232","055232FACLTY","ARP","2007","Yes"
"Handsome Lake Energy","55233","055233FACLTY","ARP","2007","Yes"
"Audrain Power Plant","55234","055234FACLTY","ARP","2007","Yes"
"Lee County Generating Station, LLC","55236","055236FACLTY","ARP","2007","Yes"
"Shelby County","55237","055237FACLTY","ARP","2007","Yes"
"Rockford Energy Center","55238","055238FACLTY","ARP","2007","Yes"
"Red Oak Power, LLC","55239","055239FACLTY","ARP","2007","Yes"
"Hog Bayou Energy Center","55241","055241FACLTY","ARP","2007","Yes"
"Santa Rosa Energy Center","55242","055242FACLTY","ARP","2007","Yes"
"Doyle Energy Facility","55244","055244FACLTY","ARP","2007","Yes"
"Darby Electric Generating Station","55247","055247FACLTY","ARP","2007","Yes"
"Tait Electric Generating Station","55248","055248FACLTY","ARP","2007","Yes"
"University Park Energy","55250","055250FACLTY","ARP","2007","Yes"
"Gleason Combustion Turbine Plant","55251","055251FACLTY","ARP","2007","Yes"
"Crete Energy Park","55253","055253FACLTY","ARP","2007","Yes"
"Whiting Clean Energy, Inc.","55259","055259FACLTY","ARP","2007","Yes"
"AMP-Ohio Gas Turbines Bowling Green","55262","055262FACLTY","ARP","2007","Yes"
"AMP-Ohio Gas Turbines Galion","55263","055263FACLTY","ARP","2007","Yes"
"AMP-Ohio Gas Turbines Napoleon","55264","055264FACLTY","ARP","2007","Yes"
"Edward L Addison Generating Plant","55267","055267FACLTY","ARP","2007","Yes"
"Southaven Combined Cycle Plant","55269","055269FACLTY","ARP","2007","Yes"
"Jackson Generating Station","55270","055270FACLTY","ARP","2007","Yes"
"Tenaska Lindsay Hill Generating Station","55271","055271FACLTY","ARP","2007","Yes"
"Ceredo Generating Station","55276","055276FACLTY","ARP","2007","Yes"
"Aurora","55279","055279FACLTY","ARP","2007","Yes"
"Southeast Chicago Energy Project","55281","055281FACLTY","ARP","2007","Yes"
"Arlington Valley Energy Facility","55282","055282FACLTY","ARP","2007","Yes"
"Front Range Power Plant","55283","055283FACLTY","ARP","2007","Yes"
"Big Sandy Peaker Plant","55284","055284FACLTY","ARP","2007","Yes"
"Wolf Hills Energy","55285","055285FACLTY","ARP","2007","Yes"
"Oleander Power Project","55286","055286FACLTY","ARP","2007","Yes"
"Decatur Energy Center","55292","055292FACLTY","ARP","2007","Yes"
"Morgan Energy Center","55293","055293FACLTY","ARP","2007","Yes"
"Westbrook Energy Center","55294","055294FACLTY","ARP","2007","Yes"
"Blythe Energy","55295","055295FACLTY","ARP","2007","Yes"
"Calumet Energy Team, LLC","55296","055296FACLTY","ARP","2007","Yes"
"Covert Generating Station","55297","055297FACLTY","ARP","2007","Yes"
"Fairless Energy Center","55298","055298FACLTY","ARP","2007","Yes"
"Channel Energy Center","55299","055299FACLTY","ARP","2007","Yes"
"Warren Peaking Power Facility","55303","055303FACLTY","ARP","2007","Yes"
"Baconton Power","55304","055304FACLTY","ARP","2007","Yes"
"Gila River Power Station","55306","055306FACLTY","ARP","2007","Yes"
"Fore River Energy Center","55317","055317FACLTY","ARP","2007","Yes"
"Indian River (55318)","55318","055318FACLTY","ARP","2007","Yes"
"Wise County Power Company, LLC","55320","055320FACLTY","ARP","2007","Yes"
"Chuck Lenzie Generating Station","55322","055322FACLTY","ARP","2007","Yes"
"Baytown Energy Center","55327","055327FACLTY","ARP","2007","Yes"
"Hermiston Power Plant","55328","055328FACLTY","ARP","2007","Yes"
"Washington County Power","55332","055332FACLTY","ARP","2007","Yes"
"Delta Energy Center, LLC","55333","055333FACLTY","ARP","2007","Yes"
"Holland Energy Facility","55334","055334FACLTY","ARP","2007","Yes"
"Helix Ironwood LLC","55337","055337FACLTY","ARP","2007","Yes"
"Dell Power Plant","55340","055340FACLTY","ARP","2007","Yes"
"Luna Energy Facility","55343","055343FACLTY","ARP","2007","Yes"
"Armstrong Power, LLC","55347","055347FACLTY","ARP","2007","Yes"
"Troy Energy, LLC","55348","055348FACLTY","ARP","2007","Yes"
"Pleasants Energy, LLC","55349","055349FACLTY","ARP","2007","Yes"
"Brazos Valley Energy, LP","55357","055357FACLTY","ARP","2007","Yes"
"Cottonwood Energy Project","55358","055358FACLTY","ARP","2007","Yes"
"Sugar Creek Generating Station","55364","055364FACLTY","ARP","2007","Yes"
"LaPorte Generating Station","55365","055365FACLTY","ARP","2007","Yes"
"New Harquahala Generating Company","55372","055372FACLTY","ARP","2007","Yes"
"Astoria Energy","55375","055375FACLTY","ARP","2007","Yes"
"Gans Generating Facility","55377","055377FACLTY","ARP","2007","Yes"
"Union Power Station","55380","055380FACLTY","ARP","2007","Yes"
"Commonwealth Chesapeake","55381","055381FACLTY","ARP","2007","Yes"
"Thomas A. Smith Energy Facility","55382","055382FACLTY","ARP","2007","Yes"
"Columbia Energy Center (SC)","55386","055386FACLTY","ARP","2007","Yes"
"Rockgen Energy Center","55391","055391FACLTY","ARP","2007","Yes"
"Zion Energy Center","55392","055392FACLTY","ARP","2007","Yes"
"Metcalf Energy Center","55393","055393FACLTY","ARP","2007","Yes"
"Crossroads Energy Center (CPU)","55395","055395FACLTY","ARP","2007","Yes"
"Washington Power Company LLC","55397","055397FACLTY","ARP","2007","Yes"
"Elk Hills Power","55400","055400FACLTY","ARP","2007","Yes"
"Rolling Hills Generating LLC","55401","055401FACLTY","ARP","2007","Yes"
"Renaissance Power","55402","055402FACLTY","ARP","2007","Yes"
"Carville Energy Center","55404","055404FACLTY","ARP","2007","Yes"
"Athens Generating Company","55405","055405FACLTY","ARP","2007","Yes"
"Bobby C. Smith Jr. Energy Facility","55406","055406FACLTY","ARP","2007","Yes"
"Calhoun Generating Facility","55409","055409FACLTY","ARP","2007","Yes"
"Osprey Energy Center","55412","055412FACLTY","ARP","2007","Yes"
"Shady Hills","55414","055414FACLTY","ARP","2007","Yes"
"Vandolah Power Project","55415","055415FACLTY","ARP","2007","Yes"
"Raccoon Creek Power Plant","55417","055417FACLTY","ARP","2007","Yes"
"Hot Spring Energy Facility","55418","055418FACLTY","ARP","2007","Yes"
"Plaquemine Cogen Facility","55419","055419FACLTY","ARP","2007","Yes"
"Desoto County Energy Park","55422","055422FACLTY","ARP","2007","Yes"
"Bayou Cove Peaking Power Plant","55433","055433FACLTY","ARP","2007","Yes"
"Elgin Energy Center, LLC","55438","055438FACLTY","ARP","2007","Yes"
"Tenaska Virginia Generating Station","55439","055439FACLTY","ARP","2007","Yes"
"Central Alabama Gen Station","55440","055440FACLTY","ARP","2007","Yes"
"Columbia Energy Center (MO)","55447","055447FACLTY","ARP","2007","Yes"
"Magnolia Combined Cycle Plant","55451","055451FACLTY","ARP","2007","Yes"
"Fountain Valley Power Plant","55453","055453FACLTY","ARP","2007","Yes"
"Redhawk Generating Facility","55455","055455FACLTY","ARP","2007","Yes"
"McClain Energy Facility","55457","055457FACLTY","ARP","2007","Yes"
"Redbud Power Plant","55463","055463FACLTY","ARP","2007","Yes"
"Deer Park Energy Center","55464","055464FACLTY","ARP","2007","Yes"
"Ouachita Plant","55467","055467FACLTY","ARP","2007","Yes"
"South Houston Green Power Site","55470","055470FACLTY","ARP","2007","Yes"
"Neil Simpson II (CT2)","55477","055477FACLTY","ARP","2007","Yes"
"Lange","55478","055478FACLTY","ARP","2007","Yes"
"Wygen I","55479","055479FACLTY","ARP","2007","Yes"
"Forney Power Plant","55480","055480FACLTY","ARP","2007","Yes"
"Mesquite Generating Station","55481","055481FACLTY","ARP","2007","Yes"
"Goldendale Generating Station","55482","055482FACLTY","ARP","2007","Yes"
"Tri-Center Naniwa Energy","55494","055494FACLTY","ARP","2007","Yes"
"Goose Creek Power Plant","55496","055496FACLTY","ARP","2007","Yes"
"CalPeak Power - Vaca Dixon","55499","055499FACLTY","ARP","2007","Yes"
"Tenaska Kiamichi Generating Station","55501","055501FACLTY","ARP","2007","Yes"
"Lawrenceburg Energy Facility","55502","055502FACLTY","ARP","2007","Yes"
"Waterford Plant","55503","055503FACLTY","ARP","2007","Yes"
"Limon Generating Station","55504","055504FACLTY","ARP","2007","Yes"
"Frank Knutson Station","55505","055505FACLTY","ARP","2007","Yes"
"CalPeak Power - Panoche","55508","055508FACLTY","ARP","2007","Yes"
"CalPeak Power - Border","55510","055510FACLTY","ARP","2007","Yes"
"Cuyamaca Peak Energy","55512","055512FACLTY","ARP","2007","Yes"
"CalPeak Power - Enterprise","55513","055513FACLTY","ARP","2007","Yes"
"Apex Generating Station","55514","055514FACLTY","ARP","2007","Yes"
"Fayette Power Company LLC","55516","055516FACLTY","ARP","2007","Yes"
"Wallingford Energy, LLC","55517","055517FACLTY","ARP","2007","Yes"
"High Desert Power Project","55518","055518FACLTY","ARP","2007","Yes"
"Sundance Power Plant","55522","055522FACLTY","ARP","2007","Yes"
"Escondido Energy Center, LLC","55538","055538FACLTY","ARP","2007","Yes"
"Chula Vista Energy Center","55540","055540FACLTY","ARP","2007","Yes"
"Indigo Generation Facility","55541","055541FACLTY","ARP","2007","Yes"
"Larkspur Energy Faciity","55542","055542FACLTY","ARP","2007","Yes"
"Klamath Generation Peakers","55544","055544FACLTY","ARP","2007","Yes"
"McKinley Paper WI Company","55558","055558FACLTY","ARP","2007","Yes"
"Binghamton Cogen Plant","55600","055600FACLTY","ARP","2007","Yes"
"Perryville Power Station","55620","055620FACLTY","ARP","2007","Yes"
"West Valley Power Plant","55622","055622FACLTY","ARP","2007","Yes"
"Creed Energy Center","55625","055625FACLTY","ARP","2007","Yes"
"Lambie Energy Center","55626","055626FACLTY","ARP","2007","Yes"
"Goose Haven Energy Center","55627","055627FACLTY","ARP","2007","Yes"
"LSP University Park, LLC","55640","055640FACLTY","ARP","2007","Yes"
"Riverside Energy Center","55641","055641FACLTY","ARP","2007","Yes"
"Blue Spruce Energy Center","55645","055645FACLTY","ARP","2007","Yes"
"Spring Creek Power Plant","55651","055651FACLTY","ARP","2007","Yes"
"Chambersburg Units 12 & 13","55654","055654FACLTY","ARP","2007","Yes"
"Pastoria Energy Facility","55656","055656FACLTY","ARP","2007","Yes"
"Newington Energy","55661","055661FACLTY","ARP","2007","Yes"
"Chehalis Generation Facility","55662","055662FACLTY","ARP","2007","Yes"
"Harrison County Power Project","55664","055664FACLTY","ARP","2007","Yes"
"Lower Mount Bethel Energy, LLC","55667","055667FACLTY","ARP","2007","Yes"
"AL Sandersville Energy Facility","55672","055672FACLTY","ARP","2007","Yes"
"Boardman Power Holdings LLC","55683","055683FACLTY","ARP","2007","Yes"
"Walter M. Higgins III Generating Station","55687","055687FACLTY","ARP","2007","Yes"
"Bethlehem Power Plant","55690","055690FACLTY","ARP","2007","Yes"
"Ackerman Combined Cycle Plant","55694","055694FACLTY","ARP","2007","Yes"
"Hanford Energy Park Peaker","55698","055698FACLTY","ARP","2007","Yes"
"Bayswater Peaking Facility","55699","055699FACLTY","ARP","2007","Yes"
"Choctaw County","55706","055706FACLTY","ARP","2007","Yes"
"Springdale Generating Station (55710)","55710","055710FACLTY","ARP","2007","Yes"
"Magnet Cove Generating Station","55714","055714FACLTY","ARP","2007","Yes"
"Dean Peakers","55718","055718FACLTY","ARP","2007","Yes"
"Bennett Mountain Power Project","55733","055733FACLTY","ARP","2007","Yes"
"Hanging Rock Power Company LLC","55736","055736FACLTY","ARP","2007","Yes"
"Buchanan Units 1 & 2","55738","055738FACLTY","ARP","2007","Yes"
"Los Esteros Critical Energy Facility","55748","055748FACLTY","ARP","2007","Yes"
"Hardin Generating Station","55749","055749FACLTY","ARP","2007","Yes"
"Edgewood Energy","55786","055786FACLTY","ARP","2007","Yes"
"Shoreham Energy","55787","055787FACLTY","ARP","2007","Yes"
"Marcus Hook Energy, LP","55801","055801FACLTY","ARP","2007","Yes"
"Henrietta Peaker Plant","55807","055807FACLTY","ARP","2007","Yes"
"Gilroy Energy Center, LLC","55810","055810FACLTY","ARP","2007","Yes"
"Frederickson Power LP","55818","055818FACLTY","ARP","2007","Yes"
"Stanton A","55821","055821FACLTY","ARP","2007","Yes"
"Rocky Mountain Energy Center","55835","055835FACLTY","ARP","2007","Yes"
"Island Street Peaking Plant","55836","055836FACLTY","ARP","2007","Yes"
"Silverhawk Generating Station","55841","055841FACLTY","ARP","2007","Yes"
"Feather River Energy Center","55847","055847FACLTY","ARP","2007","Yes"
"Wolfskill Energy Center","55855","055855FACLTY","ARP","2007","Yes"
"Desert Power Plant","55858","055858FACLTY","ARP","2007","Yes"
"Benson Power Biomass Plant","55867","055867FACLTY","ARP","2007","Yes"
"Wellhead Power Gates, LLC","55875","055875FACLTY","ARP","2007","Yes"
"Jasper County Generating Facility","55927","055927FACLTY","ARP","2007","Yes"
"Tracy Combined Cycle Power Plant","55933","055933FACLTY","ARP","2007","Yes"
"Rockford II Energy Center","55936","055936FACLTY","ARP","2007","Yes"
"Ocean Peaking Power","55938","055938FACLTY","ARP","2007","Yes"
"Agua Mansa Power","55951","055951FACLTY","ARP","2007","Yes"
"Riverview Energy Center","55963","055963FACLTY","ARP","2007","Yes"
"Hawkeye Energy Greenport, LLC","55969","055969FACLTY","ARP","2007","Yes"
"Cosumnes Power Plant","55970","055970FACLTY","ARP","2007","Yes"
"Cass County Station","55972","055972FACLTY","ARP","2007","Yes"
"Hunterstown Combined Cycle","55976","055976FACLTY","ARP","2007","Yes"
"Bluffview Power Plant","55977","055977FACLTY","ARP","2007","Yes"
"Palomar Energy Center","55985","055985FACLTY","ARP","2007","Yes"
"Exira Station","56013","056013FACLTY","ARP","2007","Yes"
"AMEA Sylacauga Plant","56018","056018FACLTY","ARP","2007","Yes"
"Donald Von Raesfeld","56026","056026FACLTY","ARP","2007","Yes"
"Fox Energy Center","56031","056031FACLTY","ARP","2007","Yes"
"Equus  Power I","56032","056032FACLTY","ARP","2007","Yes"
"Malburg Generating Station","56041","056041FACLTY","ARP","2007","Yes"
"Magnolia Power Project","56046","056046FACLTY","ARP","2007","Yes"
"Walnut Energy Center","56078","056078FACLTY","ARP","2007","Yes"
"Currant Creek Power Project","56102","056102FACLTY","ARP","2007","Yes"
"T J Labbe Electric Generating Station","56108","056108FACLTY","ARP","2007","Yes"
"Ripon Generation Station","56135","056135FACLTY","ARP","2007","Yes"
"Riverside Energy Resource Center","56143","056143FACLTY","ARP","2007","Yes"
"McIntosh Combined Cycle Facility","56150","056150FACLTY","ARP","2007","Yes"
"South Harper Peaking Facility","56151","056151FACLTY","ARP","2007","Yes"
"Faribault Energy Park","56164","056164FACLTY","ARP","2007","Yes"
"Sheboygan Falls Energy Facility","56166","056166FACLTY","ARP","2007","Yes"
"Nebo Power Station","56177","056177FACLTY","ARP","2007","Yes"
"Pinelawn Power","56188","056188FACLTY","ARP","2007","Yes"
"Poletti 500 MW CC","56196","056196FACLTY","ARP","2007","Yes"
"Port Westward","56227","056227FACLTY","ARP","2007","Yes"
"Miramar Energy Facility","56232","056232FACLTY","ARP","2007","Yes"
"Lake Side Power Plant","56237","056237FACLTY","ARP","2007","Yes"
"Groton Generating Station","56238","056238FACLTY","ARP","2007","Yes"
"Malaga Power","56239","056239FACLTY","ARP","2007","Yes"
"NCEMC Anson Plant","56249","056249FACLTY","ARP","2007","Yes"
"Millcreek Power","56253","056253FACLTY","ARP","2007","Yes"
"Hargis-Hebert Electric Generating Statio","56283","056283FACLTY","ARP","2007","Yes"
"Roseville Energy Park","56298","056298FACLTY","ARP","2007","Yes"
"Mustang Station (56326)","56326","056326FACLTY","ARP","2007","Yes"
"Harry D. Mattison Power Plant","56328","056328FACLTY","ARP","2007","Yes"
"Quail Run Energy Center","56349","056349FACLTY","ARP","2007","Yes"
"Colorado Bend Energy Center","56350","056350FACLTY","ARP","2007","Yes"
"Hunlock Unit 4","56397","056397FACLTY","ARP","2007","Yes"
"Spindle Hill Energy Center","56445","056445FACLTY","ARP","2007","Yes"
"City Water & Light - City of Jonesboro","56505","056505FACLTY","ARP","2007","Yes"
"Hartwell Energy Facility","70454","070454FACLTY","ARP","2007","Yes"
"Long Beach Generating Station","341","000341FACLTY",NA,NA,NA
"Branford","540","000540FACLTY",NA,NA,NA
"Cos Cob","542","000542FACLTY",NA,NA,NA
"Tunnel","557","000557FACLTY",NA,NA,NA
"Franklin Drive","561","000561FACLTY",NA,NA,NA
"South Meadow Station","563","000563FACLTY",NA,NA,NA
"Torrington Terminal","565","000565FACLTY",NA,NA,NA
"English Station","569","000569FACLTY",NA,NA,NA
"Norwich","581","000581FACLTY",NA,NA,NA
"Christiana Substation","591","000591FACLTY",NA,NA,NA
"Delaware City","592",NA,NA,NA,NA
"Madison Street","596",NA,NA,NA,NA
"West Substation","597",NA,NA,NA,NA
"Connersville Peaking Station","1002","001002FACLTY",NA,NA,NA
"Broadway Avenue Generating Station","1011","001011FACLTY",NA,NA,NA
"Butler-Warner Generation Plant","1016","001016FACLTY",NA,NA,NA
"Gould Street","1553","001553FACLTY",NA,NA,NA
"Westport","1560","001560FACLTY",NA,NA,NA
"Framingham Station","1586","001586FACLTY",NA,NA,NA
"Exelon L Street Generating Station","1587","001587FACLTY",NA,NA,NA
"Medway Station","1592","001592FACLTY",NA,NA,NA
"Blackstone","1594","001594FACLTY",NA,NA,NA
"Doreen","1631","001631FACLTY",NA,NA,NA
"Woodland Road","1643","001643FACLTY",NA,NA,NA
"Potter","1660","001660FACLTY",NA,NA,NA
"Waters River","1678","001678FACLTY",NA,NA,NA
"Thetford","1719","001719FACLTY",NA,NA,NA
"Hancock Peakers","1730","001730FACLTY",NA,NA,NA
"Lost Nation","2362",NA,NA,NA,NA
"White Lake","2369",NA,NA,NA,NA
"Carlls Corner Energy Center","2379","002379FACLTY",NA,NA,NA
"Cedar Energy Station","2380","002380FACLTY",NA,NA,NA
"Middle Energy Center","2382","002382FACLTY",NA,NA,NA
"Missouri Avenue Energy Center","2383",NA,NA,NA,NA
"Werner","2385","002385FACLTY",NA,NA,NA
"Sayreville","2390","002390FACLTY",NA,NA,NA
"Edison","2400","002400FACLTY",NA,NA,NA
"Essex","2401","002401FACLTY",NA,NA,NA
"National Park","2409",NA,NA,NA,NA
"Salem Generating Station","2410","002410FACLTY",NA,NA,NA
"Howard M Down","2434","002434FACLTY",NA,NA,NA
"New-Indy Catawba, LLC","2440","002440FACLTY",NA,NA,NA
"Gowanus Generating Station","2494","002494FACLTY",NA,NA,NA
"Hudson Avenue","2496","002496FACLTY",NA,NA,NA
"Narrows Generating Station","2499","002499FACLTY",NA,NA,NA
"Waterside","2502","002502FACLTY",NA,NA,NA
"59th Street","2503","002503FACLTY",NA,NA,NA
"East Hampton Facility","2512","002512FACLTY",NA,NA,NA
"West Babylon Facility","2521","002521FACLTY",NA,NA,NA
"Hillburn","2628","002628FACLTY",NA,NA,NA
"Shoemaker","2632","002632FACLTY",NA,NA,NA
"Dicks Creek Power Company LLC","2831","002831FACLTY",NA,NA,NA
"Edgewater (2857)","2857","002857FACLTY",NA,NA,NA
"Mad River","2860","002860FACLTY",NA,NA,NA
"Mountain","3111","003111FACLTY",NA,NA,NA
"Tolna","3116","003116FACLTY",NA,NA,NA
"Warren","3132","003132FACLTY",NA,NA,NA
"Richmond","3168","003168FACLTY",NA,NA,NA
"Hilton Head Gas Turbine Site","3318","003318FACLTY",NA,NA,NA
"Myrtle Beach Gas Turbine Site","3320","003320FACLTY",NA,NA,NA
"Victoria Power Station","3443","003443FACLTY",NA,NA,NA
"Paint Creek Power Station","3524","003524FACLTY",NA,NA,NA
"Rio Pecos Power Station","3526","003526FACLTY",NA,NA,NA
"San Angelo Power Station","3527","003527FACLTY",NA,NA,NA
"Tasley Energy Center","3785","003785FACLTY",NA,NA,NA
"Fort Phantom Power Station","4938","004938FACLTY",NA,NA,NA
"Cumberland Energy Center","5083","005083FACLTY",NA,NA,NA
"Collins Station","6025","006025FACLTY",NA,NA,NA
"Stony Brook Energy Center","6081","006081FACLTY",NA,NA,NA
"Alfred L Pierce Generating Station","6635","006635FACLTY",NA,NA,NA
"West Station","6776","006776FACLTY",NA,NA,NA
"Gravel Neck Combustion Turbine","7032","007032FACLTY",NA,NA,NA
"Forked River Power","7138","007138FACLTY",NA,NA,NA
"Wading River Facility","7146","007146FACLTY",NA,NA,NA
"Conoco","7185","007185FACLTY",NA,NA,NA
"Darbytown Combustion Turbine","7212","007212FACLTY",NA,NA,NA
"Fairless Hills Generating Station","7701","007701FACLTY",NA,NA,NA
"WestRock Charleston Kraft, LLC","7737","007737FACLTY",NA,NA,NA
"Alsey Station","7818","007818FACLTY",NA,NA,NA
"Holtsville Facility","8007","008007FACLTY",NA,NA,NA
"Mickleton Energy Center","8008","008008FACLTY",NA,NA,NA
"Croydon Generating Station","8012","008012FACLTY",NA,NA,NA
"Factory Gas Turbine","8016","008016FACLTY",NA,NA,NA
"Glen Gardner","8227",NA,NA,NA,NA
"RockTenn West Point Mill","10017","010017FACLTY",NA,NA,NA
"RED-Rochester, LLC-Eastman Business Park","10025","010025FACLTY",NA,NA,NA
"General Electric Aircraft","10029","010029FACLTY",NA,NA,NA
"Logan Generating Plant","10043","010043FACLTY",NA,NA,NA
"Virginia Renewable Power-Portsmouth LLC","10071","010071FACLTY",NA,NA,NA
"DTE Pontiac North LLC","10111","010111FACLTY",NA,NA,NA
"Gilberton Power Company","10113","010113FACLTY",NA,NA,NA
"Goodyear Tire & Rubber Company","10114",NA,NA,NA,NA
"Colver Green Energy","10143","010143FACLTY",NA,NA,NA
"Grant Town Power Plant","10151","010151FACLTY",NA,NA,NA
"MBTA South Boston Power Facility","10176","010176FACLTY",NA,NA,NA
"Pixelle Specialty Solutions LLC","10244","010244FACLTY",NA,NA,NA
"Domtar Paper Co., LLC - Kingsport Mill","10252",NA,NA,NA,NA
"Liberty Fibers Corporation","10321",NA,NA,NA,NA
"T B Simon Power Plant","10328","010328FACLTY",NA,NA,NA
"Black Rock Facility","10331",NA,NA,NA,NA
"City Point Energy Center","10377","010377FACLTY",NA,NA,NA
"CPI USA North Carolina Southport","10378","010378FACLTY",NA,NA,NA
"CPI USA North Carolina Roxboro","10379","010379FACLTY",NA,NA,NA
"Duplin BioEnergy, LLC","10381","010381FACLTY",NA,NA,NA
"Edgecombe Genco, LLC","10384","010384FACLTY",NA,NA,NA
"Cleveland-Cliffs Cleveland Works LLC","10398","010398FACLTY",NA,NA,NA
"Anheuser-Busch, Inc.","10430","010430FACLTY",NA,NA,NA
"Black River Generation, LLC","10464","010464FACLTY",NA,NA,NA
"ArcelorMittal USA - Indiana Harbor East","10474","010474FACLTY",NA,NA,NA
"Indeck-Pepperell","10522","010522FACLTY",NA,NA,NA
"Carneys Point","10566","010566FACLTY",NA,NA,NA
"Algonquin Power Windsor Locks, LLC","10567","010567FACLTY",NA,NA,NA
"Ebensburg Power Company","10603","010603FACLTY",NA,NA,NA
"Beaver Falls, LLC","10617","010617FACLTY",NA,NA,NA
"South Glens Falls Energy","10618","010618FACLTY",NA,NA,NA
"Hopewell Cogeneration Facility","10633","010633FACLTY",NA,NA,NA
"Cambria Cogen","10641","010641FACLTY",NA,NA,NA
"AES Thames","10675","010675FACLTY",NA,NA,NA
"AES Beaver Valley LLC","10676","010676FACLTY",NA,NA,NA
"AES Warrior Run","10678","010678FACLTY",NA,NA,NA
"Graphic Packaging International, Inc.","10698","010698FACLTY",NA,NA,NA
"Selkirk Cogen Partners","10725","010725FACLTY",NA,NA,NA
"Cargill Corn Milling","10729","010729FACLTY",NA,NA,NA
"Clear Lake Cogeneration","10741","010741FACLTY",NA,NA,NA
"Morgantown Energy Facility","10743","010743FACLTY",NA,NA,NA
"Midland Cogeneration Venture","10745","010745FACLTY",NA,NA,NA
"Chemours Belle Plant","10788","010788FACLTY",NA,NA,NA
"Dupont Old Hickory","10797","010797FACLTY",NA,NA,NA
"E F Kenilworth, Inc.","10805",NA,NA,NA,NA
"Deer Island Treatment","10823","010823FACLTY",NA,NA,NA
"Archer Daniels Midland Co.","10865",NA,NA,NA,NA
"BioUrja Renewables - Peoria, IL","10866",NA,NA,NA,NA
"Tate & Lyle","10867",NA,NA,NA,NA
"Pittsfield Generating","50002","050002FACLTY",NA,NA,NA
"WV Alloys,  Inc.","50012","050012FACLTY",NA,NA,NA
"Northeastern Power Company","50039","050039FACLTY",NA,NA,NA
"McCracken Power House","50044","050044FACLTY",NA,NA,NA
"Marcus Hook 50, L.P.","50074","050074FACLTY",NA,NA,NA
"G F Weaton","50130","050130FACLTY",NA,NA,NA
"UCC South Charleston Plant","50151","050151FACLTY",NA,NA,NA
"International Paper New Bern Mill","50188","050188FACLTY",NA,NA,NA
"Domtar Paper Company LLC -  Plymouth","50189","050189FACLTY",NA,NA,NA
"Purdue University-Wade Utility","50240","050240FACLTY",NA,NA,NA
"Blue Ridge Paper Products Inc.","50244","050244FACLTY",NA,NA,NA
"International Paper-Courtland Mill","50245","050245FACLTY",NA,NA,NA
"Smart Papers LLC","50247","050247FACLTY",NA,NA,NA
"WestRock Kraft Paper, Roanoke Rapids","50254","050254FACLTY",NA,NA,NA
"Luke Paper Company","50282",NA,NA,NA,NA
"Packaging Corporation of America","50296","050296FACLTY",NA,NA,NA
"Pixelle Specialty Solutions","50397",NA,NA,NA,NA
"Kimberly-Clark Tissue Company","50410",NA,NA,NA,NA
"Ilion Energy Center","50459","050459FACLTY",NA,NA,NA
"Procter & Gamble Paper Products","50463",NA,NA,NA,NA
"Covanta Niagara","50472","050472FACLTY",NA,NA,NA
"GP Big Island, LLC","50479","050479FACLTY",NA,NA,NA
"Eastman Chemical Company","50481","050481FACLTY",NA,NA,NA
"Axiall Corporation Natrium Plant","50491","050491FACLTY",NA,NA,NA
"Vicinity Energy Philadelphia- Schuylkill","50607","050607FACLTY",NA,NA,NA
"Exxonmobil Oil Corporation","50627",NA,NA,NA,NA
"Paulsboro Refining Company LLC","50628",NA,NA,NA,NA
"Syracuse Energy Corporation","50651","050651FACLTY",NA,NA,NA
"US Steel (Clairton Coke)","50729","050729FACLTY",NA,NA,NA
"US Steel (Fairfield Works)","50730","050730FACLTY",NA,NA,NA
"US Steel (Edgar Thomson)","50732","050732FACLTY",NA,NA,NA
"US Steel Corp - Gary Works","50733","050733FACLTY",NA,NA,NA
"Panther Creek Energy Facility","50776","050776FACLTY",NA,NA,NA
"WestRock CP, LLC Florence Mill","50806","050806FACLTY",NA,NA,NA
"Elmwood Power LLC","50852","050852FACLTY",NA,NA,NA
"Wheelabrator Frackville Energy","50879","050879FACLTY",NA,NA,NA
"Northampton Generating Plant","50888","050888FACLTY",NA,NA,NA
"WestRock Virginia Corp Covington Ops","50900","050900FACLTY",NA,NA,NA
"Resolute Forest Products - Calhoun Ops","50956","050956FACLTY",NA,NA,NA
"Toledo Refinery","50965","050965FACLTY",NA,NA,NA
"Scrubgrass Generating Plant","50974","050974FACLTY",NA,NA,NA
"Ryegate Associates","51026",NA,NA,NA,NA
"Ocean State Power","51030","051030FACLTY",NA,NA,NA
"Nassau Energy Corporation","52056","052056FACLTY",NA,NA,NA
"Texas City Cogeneration","52088","052088FACLTY",NA,NA,NA
"Celanese Acetate LLC","52089","052089FACLTY",NA,NA,NA
"Philadelphia Refinery","52106",NA,NA,NA,NA
"BP Whiting Business Unit","52130","052130FACLTY",NA,NA,NA
"International Paper-Prattville Mill","52140","052140FACLTY",NA,NA,NA
"Merck & Company - West Point","52149",NA,NA,NA,NA
"International Paper-Eastover Mill","52151","052151FACLTY",NA,NA,NA
"International Paper-Franklin Mill","52152","052152FACLTY",NA,NA,NA
"Riverbay Corp. - Co-Op City","52168","052168FACLTY",NA,NA,NA
"Roanoke Valley Energy Facility I","54035","054035FACLTY",NA,NA,NA
"Lockport","54041","054041FACLTY",NA,NA,NA
"Spruance Operating Services, LLC","54081","054081FACLTY",NA,NA,NA
"International Paper-Hudson River","54088",NA,NA,NA,NA
"International Paper-Riverdale Mill","54096","054096FACLTY",NA,NA,NA
"Ticonderoga Mill","54099","054099FACLTY",NA,NA,NA
"KIAC Cogeneration","54114","054114FACLTY",NA,NA,NA
"Fortistar North Tonawanda Inc","54131","054131FACLTY",NA,NA,NA
"Piney Creek Power Plant","54144","054144FACLTY",NA,NA,NA
"Nissequogue Energy Center","54149","054149FACLTY",NA,NA,NA
"Cleveland-Cliffs Warren","54207","054207FACLTY",NA,NA,NA
"Resolute FP - Coosa Pines Mill","54216","054216FACLTY",NA,NA,NA
"Pfizer","54236","054236FACLTY",NA,NA,NA
"University of NC Chapel Hill","54276","054276FACLTY",NA,NA,NA
"Birchwood Power Facility","54304","054304FACLTY",NA,NA,NA
"Ocean State Power II","54324","054324FACLTY",NA,NA,NA
"ArcelorMittal Weirton,Inc.","54344","054344FACLTY",NA,NA,NA
"DSM Nutritional Products, Inc","54416",NA,NA,NA,NA
"Shenango Incorporated","54532",NA,NA,NA,NA
"Ingredion Incorporated Argo Plant","54556",NA,NA,NA,NA
"Saranac Power Partners, LP","54574","054574FACLTY",NA,NA,NA
"Pratt & Whitney, East Hartford","54605","054605FACLTY",NA,NA,NA
"St. Nicholas Cogeneration Project","54634","054634FACLTY",NA,NA,NA
"Domtar Paper Company, LLC","54638",NA,NA,NA,NA
"Lakewood","54640","054640FACLTY",NA,NA,NA
"International Paper-Riegelwood","54656","054656FACLTY",NA,NA,NA
"Fusion Paperboard Connecticut LLC","54657","054657FACLTY",NA,NA,NA
"Roanoke Valley Energy Facility II","54755","054755FACLTY",NA,NA,NA
"WestRock Coated Board - Mahrt Mill","54802","054802FACLTY",NA,NA,NA
"Milford Power, LLC","54805","054805FACLTY",NA,NA,NA
"Vineland Cogeneration","54807",NA,NA,NA,NA
"MIT Central Utility Plant","54907","054907FACLTY",NA,NA,NA
"Caledonia Power I, LLC","55082","055082FACLTY",NA,NA,NA
"Portside Energy","55096","055096FACLTY",NA,NA,NA
"Sunoco, Inc. Eagle Point Facility","55113",NA,NA,NA,NA
"Walton Discover Power Facility","55138","055138FACLTY",NA,NA,NA
"Afton Generating Station","55210","055210FACLTY",NA,NA,NA
"Morris Cogeneration, LLC","55216","055216FACLTY",NA,NA,NA
"Astoria Gas Turbine Power","55243","055243FACLTY",NA,NA,NA
"Tuscola Plant","55245",NA,NA,NA,NA
"DTE Calvert City, LLC","55308","055308FACLTY",NA,NA,NA
"KGen Enterprise Facility","55373","055373FACLTY",NA,NA,NA
"Otsego Paper, Inc.","55799","055799FACLTY",NA,NA,NA
"Mankato Energy Center","56104","056104FACLTY",NA,NA,NA
"Waterside Power, LLC","56189","056189FACLTY",NA,NA,NA
"NCEMC Hamlet Plant","56292","056292FACLTY",NA,NA,NA
"Grapeland Generating Station","56472","056472FACLTY",NA,NA,NA
"Mira Loma Generating Station","56473","056473FACLTY",NA,NA,NA
"Barre Generating Station","56474","056474FACLTY",NA,NA,NA
"Center Generating Station","56475","056475FACLTY",NA,NA,NA
"Chemours Johnsonville","880001","880001FACLTY",NA,NA,NA
"GSA West Heating","880003",NA,NA,NA,NA
"GSA Central Heating","880004",NA,NA,NA,NA
"Vicinity Energy Philadelphia Edison Sta","880006","880006FACLTY",NA,NA,NA
"AdvanSix Resins & Chemicals LLC","880007",NA,NA,NA,NA
"Bayway Refinery","880016",NA,NA,NA,NA
"Kneeland Station","880023","880023FACLTY",NA,NA,NA
"Momentive Performance Materials","880024","880024FACLTY",NA,NA,NA
"Trainer Refinery","880025",NA,NA,NA,NA
"Procter & Gamble Company - Ivorydale","880028","880028FACLTY",NA,NA,NA
"Ohio Refining Company LLC","880030","880030FACLTY",NA,NA,NA
"Corteva Agriscience LLC","880031","880031FACLTY",NA,NA,NA
"Emery Oleochemicals, LLC","880033","880033FACLTY",NA,NA,NA
"Catlettsburg Refining, LLC","880038","880038FACLTY",NA,NA,NA
"Cargill Incorporated - Dayton","880039","880039FACLTY",NA,NA,NA
"Ascend (Decatur Plant)","880041","880041FACLTY",NA,NA,NA
"AK Steel Corporation - Middletown","880042","880042FACLTY",NA,NA,NA
"Holcim US Inc","880043","880043FACLTY",NA,NA,NA
"Lafarge Building Materials, Inc.","880044","880044FACLTY",NA,NA,NA
"University of Michigan","880045","880045FACLTY",NA,NA,NA
"US Steel (South Works)","880047",NA,NA,NA,NA
"Bernville Station","880049",NA,NA,NA,NA
"Shermans Dale Station","880050",NA,NA,NA,NA
"Lehigh Northeast Cement Company","880052","880052FACLTY",NA,NA,NA
"Altivia Services Institute Facility","880053","880053FACLTY",NA,NA,NA
"DOE Oak Ridge Y-12","880055","880055FACLTY",NA,NA,NA
"INVISTA S.a.r.l. Camden Plant","880057","880057FACLTY",NA,NA,NA
"Phoenix Paper Wickliffe LLC","880065","880065FACLTY",NA,NA,NA
"Wood River Refinery","880067",NA,NA,NA,NA
"Springs Global US - Grace Facility","880068","880068FACLTY",NA,NA,NA
"Armagh Compressor Station","880071",NA,NA,NA,NA
"Entriken Compressor Station","880072",NA,NA,NA,NA
"Marlboro Paper Mill","880074","880074FACLTY",NA,NA,NA
"Indorama Ventures Xylenes and PTA, LLC","880075","880075FACLTY",NA,NA,NA
"Lemont Refinery","880076",NA,NA,NA,NA
"Republic Steel - Lorain","880077","880077FACLTY",NA,NA,NA
"Sonoco Products Company","880078","880078FACLTY",NA,NA,NA
"Tate & Lyle-Loudon","880079","880079FACLTY",NA,NA,NA
"Lima Refinery","880083","880083FACLTY",NA,NA,NA
"South Point Power","880084",NA,NA,NA,NA
"Alto Central, LLC","880086",NA,NA,NA,NA
"Noble Americas South Bend Ethanol, LLC.","880087","880087FACLTY",NA,NA,NA
"Marathon Petroleum Company LP","880088",NA,NA,NA,NA
"INEOS Joliet, LLC","880089","880089FACLTY",NA,NA,NA
"New Boston Coke Corporation","880090",NA,NA,NA,NA
"Naval Station Great Lakes","880091","880091FACLTY",NA,NA,NA
"INEOS US Chemicals Company CR Plant","880092","880092FACLTY",NA,NA,NA
"AdvanSix Resins and Chemicals - Hopewell","880093","880093FACLTY",NA,NA,NA
"Trigen St. Louis Energy","880094",NA,NA,NA,NA
"Chicago Coke Co., Inc.","880096","880096FACLTY",NA,NA,NA
"Harbor Generating Station","399","0003990XX10B","ARP","2000","No"
"Huntley Power","2549","002549000066","ARP","2000","No"
"NRG Dunkirk Power","2554","002554000002","ARP","2000","No"
"Oswego Harbor Power","2594","002594000005","ARP","2000","No"
"Bull Run","3396","003396000001","ARP","2000","No"
"Encogen Generating Station","7870","007870FACLTY","ARP","2000","No"
"Quantum Auburndale Power, LP","54658","054658000001","ARP","2000","No"
"Brooklyn Navy Yard Cogeneration","54914","054914000001","ARP","2000","No"
"Brooklyn Navy Yard Cogeneration","54914","054914000002","ARP","2000","No"
"Encogen Generating Station","7870","007870FACLTY","ARP","2001","No"
"Encogen Generating Station","7870","007870FACLTY","ARP","2002","No"
"Encogen Generating Station","7870","007870FACLTY","ARP","2003","No"
"Encogen Generating Station","7870","007870FACLTY","ARP","2004","No"
"NC Renewable Power - Elizabethtown","10380","0103800UNIT1","ARP","2004","No"
"NC Renewable Power - Lumberton LLC","10382","0103820UNIT1","ARP","2004","No"
"Newark Power Plant","50797","050797001001","ARP","2004","No"
"Equus  Power I","56032","056032000001","ARP","2004","No"
"Benning Generation Station","603","000603FACLTY","ARP","2007","No"
